id,url,fullText,clean_txt,label,gemma_4-31B_pred,naive_bayes_pred,gemma_4-31B_pred_label,naive_bayes_pred_label
1.74e+18,https://x.com/elonmusk/status/1738274350921306519,"@SergiXPlaid @SmallPettingZoo Photons in, motor commands out","Photons in, motor commands out",1,1,0,neutral,negative
1.7e+18,https://x.com/elonmusk/status/1700795854729232671,Aka opening your email https://t.co/QKe4aButYQ,Aka opening your email,1,1,2,neutral,positive
7.89e+17,https://x.com/elonmusk/status/789008557341454336,@vicentes latest autonomous hardware allows for easy computer upgrade,latest autonomous hardware allows for easy computer upgrade,2,2,1,positive,neutral
1.9e+18,https://x.com/elonmusk/status/1898759859459203457,"@sikorskiradek Be quiet, small man. 

You pay a tiny fraction of the cost. 

And there is no substitute for Starlink.","Be quiet, small man. You pay a tiny fraction of the cost. And there is no substitute for Starlink.",0,0,1,negative,neutral
1.67e+18,https://x.com/elonmusk/status/1672682292584628224,@stclairashley The “pull out” method,"The ""pull out"" method",1,1,2,neutral,positive
1.21e+18,https://x.com/elonmusk/status/1208464373225672704,@engineers_feed I try so hard with these jokes!,I try so hard with these jokes!,1,1,2,neutral,positive
1.79e+18,https://x.com/elonmusk/status/1787165820512051626,"Maiden launch of Falcon Heavy, the most powerful operational rocket on Earth, with the first dual rocket landing
 https://t.co/CrzQGeQWU8","Maiden launch of Falcon Heavy, the most powerful operational rocket on Earth, with the first dual rocket landing",2,2,1,positive,neutral
1.82e+18,https://x.com/elonmusk/status/1822529113007292522,"@WallStreetSilv Tragically, this is too often true","Tragically, this is too often true",0,0,2,negative,positive
1.41e+18,https://x.com/elonmusk/status/1408545456746020866,"@marcodzo @Tesla Sometimes people think it is performance, but safety is always the primary design requirement for a Tesla","Sometimes people think it is performance, but safety is always the primary design requirement for a Tesla",2,1,2,neutral,positive
1.87e+18,https://x.com/elonmusk/status/1867382157078868416,Your Tesla can now drive you from your house in one complex city to another house in a different complex city,Your Tesla can now drive you from your house in one complex city to another house in a different complex city,1,2,0,positive,negative
1.77e+18,https://x.com/elonmusk/status/1769216436273021439,"@WallStreetSilv Yeah, we dodged a lemon 🍋 for sure 😂

He is a beyond entitled and his show is unwatchable.","Yeah, we dodged a lemon for sure He is a beyond entitled and his show is unwatchable.",1,0,2,negative,positive
1.78e+18,https://x.com/elonmusk/status/1780376546148327690,"@WholeMarsBlog Not quite betting the company, but going balls to the wall for autonomy is a blindingly obvious move. 

Everything else is like variations on a horse carriage.","Not quite betting the company, but going balls to the wall for autonomy is a blindingly obvious move. Everything else is like variations on a horse carriage.",1,2,0,positive,negative
1.23e+18,https://x.com/elonmusk/status/1230439298874343424,"High bay for stacking Starship engine bay, propellant tanks &amp; fairing (fka nosecone) sections is almost done! https://t.co/G9h0430ns2","High bay for stacking Starship engine bay, propellant tanks & fairing (fka nosecone) sections is almost done!",1,2,0,positive,negative
1.23e+18,https://x.com/elonmusk/status/1230367034397077504,@tesletter In the order that they were written,In the order that they were written,2,1,0,neutral,negative
1.43e+18,https://x.com/elonmusk/status/1432497810004402177,The dark side of OnlyFans … https://t.co/EpMP1q62jn,The dark side of OnlyFans …,2,0,1,negative,neutral
1.25e+18,https://x.com/elonmusk/status/1251386583846023171,"@tobyliiiiiiiiii @MichaelCanary02 @Erdayastronaut @dwesterster No, as the header tanks are quite small relative to main (~30 tons vs 1200 tons). Only uses very tip of the nose.","No, as the header tanks are quite small relative to main (~30 tons vs 1200 tons). Only uses very tip of the nose.",2,1,0,neutral,negative
1.44e+18,https://x.com/elonmusk/status/1437203967902167045,@PPathole They are … not yet friends,They are … not yet friends,2,1,0,neutral,negative
1.69e+18,https://x.com/elonmusk/status/1686623633978904576,@MuskUniversity Critical thinking should be the first thing we teach kids,Critical thinking should be the first thing we teach kids,1,2,1,positive,neutral
1.5e+18,https://x.com/elonmusk/status/1499442132402130951,"@FedorovMykhailo @SpaceX @SpaceXStarlink @Honda @ChampionGen @westinghouse @DuroMaxPower Updating software to reduce peak power consumption, so Starlink can be powered from car cigarette lighter.

Mobile roaming enabled, so phased array antenna can maintain signal while on moving vehicle.","Updating software to reduce peak power consumption, so Starlink can be powered from car cigarette lighter. Mobile roaming enabled, so phased array antenna can maintain signal while on moving vehicle.",2,2,1,positive,neutral
1.86e+18,https://x.com/elonmusk/status/1856349325896392787,Becoming multiplanetary will greatly increase the lifespan of our civilization and it is the critical next step to becoming multistellar,Becoming multiplanetary will greatly increase the lifespan of our civilization and it is the critical next step to becoming multistellar,1,2,0,positive,negative
1.65e+18,https://x.com/elonmusk/status/1646705367953608704,@BillyM2k App update needed,App update needed,2,0,2,negative,positive
1.89e+18,https://x.com/elonmusk/status/1894167766900642139,"@MailOnline Maybe that was the sound of gratitude for saving his country, but probably not","Maybe that was the sound of gratitude for saving his country, but probably not",2,0,1,negative,neutral
1.84e+18,https://x.com/elonmusk/status/1840988697124041098,"@stclairashley Literally! Your average library has more identity verification than California requires for voting. 

I wonder why 🤔",Literally! Your average library has more identity verification than California requires for voting. I wonder why,0,0,1,negative,neutral
1.82e+18,https://x.com/elonmusk/status/1818999906549350663,True or let her deny it,True or let her deny it,2,1,2,neutral,positive
1.37e+18,https://x.com/elonmusk/status/1367213114228318209,Launch abort on slightly conservative high thrust limit. Increasing thrust limit &amp; recycling propellant for another flight attempt today.,Launch abort on slightly conservative high thrust limit. Increasing thrust limit & recycling propellant for another flight attempt today.,1,1,0,neutral,negative
1.76e+18,https://x.com/elonmusk/status/1759144877567205570,"Tesla generative video from last year
 https://t.co/s5ZodFigYe",Tesla generative video from last year,1,1,2,neutral,positive
1.17e+18,https://x.com/elonmusk/status/1173877884085161984,"@bonnienorman @Model3Owners They’re available through the app, but we need to make them easier to find","They're available through the app, but we need to make them easier to find",1,1,2,neutral,positive
1.76e+18,https://x.com/elonmusk/status/1764891422556123525,"@Mihonarium Maybe we are just a CSV file on an alien computer. 

What the odds that this reality is base CSV?",Maybe we are just a CSV file on an alien computer. What the odds that this reality is base CSV?,1,1,0,neutral,negative
1.87e+18,https://x.com/elonmusk/status/1870201697601011922,"Obviously NOT “far-right”!

Just common sense policies.","Obviously NOT ""far-right""! Just common sense policies.",0,2,0,positive,negative
1.77e+18,https://x.com/elonmusk/status/1771985911741599832,"@Jason If you don’t own your own home, you own nothing","If you don't own your own home, you own nothing",0,0,1,negative,neutral
1.85e+18,https://x.com/elonmusk/status/1853071386425651582,She wants to break the Constitution,She wants to break the Constitution,0,0,1,negative,neutral
1.25e+18,https://x.com/elonmusk/status/1253834922969763842,Mythic Quest is 🤣🤣 MTTD,Mythic Quest is MTTD,1,1,2,neutral,positive
1.88e+18,https://x.com/elonmusk/status/1884312495097323743,"Live broadcast from The @WhiteHouse. 

You can now rewind live broadcasts to catch up. 

 https://t.co/YwZYM5DqOm",Live broadcast from The . You can now rewind live broadcasts to catch up.,1,1,0,neutral,negative
1.84e+18,https://x.com/elonmusk/status/1842039975107285500,@pmarca @robkhenderson That cycle has happened so many times,That cycle has happened so many times,1,1,0,neutral,negative
1.65e+18,https://x.com/elonmusk/status/1646953102778552320,@all_in_tok @SFGovTV @theallinpod @DavidSacks @Jason Exactly. Take a walk through downtown around Twitter HQ. Outrageous that city officials would claim that it is not dangerous!,Exactly. Take a walk through downtown around Twitter HQ. Outrageous that city officials would claim that it is not dangerous!,0,0,1,negative,neutral
1.82e+18,https://x.com/elonmusk/status/1823743685093208169,@TrungTPhan BIG CANDY,BIG CANDY,2,1,2,neutral,positive
1.05e+18,https://x.com/elonmusk/status/1050792830732394496,Visual approximation https://t.co/sMn3Pv476Y,Visual approximation,1,1,2,neutral,positive
1.68e+18,https://x.com/elonmusk/status/1679675138235830272,@JuwonTheTechie @Twitter I gave my share to the creator payout pool,I gave my share to the creator payout pool,1,1,2,neutral,positive
1.87e+18,https://x.com/elonmusk/status/1873928098087117137,"𝕏 is the number 1 source of news on Earth. 

Nothing else is even close.",𝕏 is the number 1 source of news on Earth. Nothing else is even close.,2,2,1,positive,neutral
1.71e+18,https://x.com/elonmusk/status/1708663139070251296,@astro_greek They had to let that sink in. Impossible not to.,They had to let that sink in. Impossible not to.,1,1,0,neutral,negative
1.79e+18,https://x.com/elonmusk/status/1790628275901088149,"@WholeMarsBlog I don’t comment on everything, as sometimes I don’t see it and commenting on everything makes it easy to fish for information. 

The take rate is much higher than 2%. Please.","I don't comment on everything, as sometimes I don't see it and commenting on everything makes it easy to fish for information. The take rate is much higher than 2%. Please.",1,0,1,negative,neutral
6.57e+17,https://x.com/elonmusk/status/656971573337944065,"@ryybuzz we won't be, but yes","we won't be, but yes",1,1,0,neutral,negative
1.58e+18,https://x.com/elonmusk/status/1580600379074523136,"@leehumerian Starlink requires nothing except ~50 Watt power source. With a small solar system plus battery or a generator, you will have connectivity anywhere.","Starlink requires nothing except ~50 Watt power source. With a small solar system plus battery or a generator, you will have connectivity anywhere.",2,2,0,positive,negative
1.75e+18,https://x.com/elonmusk/status/1753558150983082216,@PlanetOfMemes The contempt he showed for America is galling,The contempt he showed for America is galling,0,0,2,negative,positive
1.89e+18,https://x.com/elonmusk/status/1889726466880831682,@Suffragent_ @guardian Another fake judge,Another fake judge,0,0,1,negative,neutral
1.85e+18,https://x.com/elonmusk/status/1849714158113259968,"@elon_docs Some of the war records of my grandfather (Walter Henry James Musk) can be found on the Internet these days.

He met my English grandmother (Cora Amelia Robinson) when he was transferred to British Intelligence towards the end of the war. https://t.co/cMYiICyWa6",Some of the war records of my grandfather (Walter Henry James Musk) can be found on the Internet these days. He met my English grandmother (Cora Amelia Robinson) when he was transferred to British Intelligence towards the end of the war.,1,1,0,neutral,negative
1.87e+18,https://x.com/elonmusk/status/1869918113052885470,@WallStreetMav What percentage of the government is even working a week before Christmas anyway? My guess is very low.,What percentage of the government is even working a week before Christmas anyway? My guess is very low.,1,0,1,negative,neutral
1.89e+18,https://x.com/elonmusk/status/1890526446583419357,@WesleyHuntTX They call everyone they don’t like a Nazi,They call everyone they don't like a Nazi,0,0,1,negative,neutral
1.68e+18,https://x.com/elonmusk/status/1675952678923390977,@cb_doge Absolutely. Not doing so is crazy.,Absolutely. Not doing so is crazy.,2,2,0,positive,negative
1.79e+18,https://x.com/elonmusk/status/1786436088875077772,@MarioNawfal White House book burning,White House book burning,0,0,2,negative,positive
1.45e+18,https://x.com/elonmusk/status/1446402077014515718,Sorry if we’ve been too dumb to respond to you. Please cite evidence of exceptional ability in a few bullet points. Nothing else matters.,Sorry if we've been too dumb to respond to you. Please cite evidence of exceptional ability in a few bullet points. Nothing else matters.,0,0,1,negative,neutral
1.72e+18,https://x.com/elonmusk/status/1719521352820863382,@SawyerMerritt Competing with SpaceX is tough,Competing with SpaceX is tough,1,1,0,neutral,negative
1.66e+18,https://x.com/elonmusk/status/1657204060334989312,"@zerohedge So you’re saying there’s a chance we make it? Yesss 💪!!
https://t.co/9aMviVhLMD",So you're saying there's a chance we make it? Yesss !!,2,2,0,positive,negative
1.72e+18,https://x.com/elonmusk/status/1722389617360458012,"@twrobinette @DirtyTesLa Yeah, advanced AI is needed to solve real-world driving","Yeah, advanced AI is needed to solve real-world driving",1,2,1,positive,neutral
9.7e+17,https://x.com/elonmusk/status/970088614183845888,@ToddBourne @Tesla Almost done,Almost done,1,1,2,neutral,positive
1.83e+18,https://x.com/elonmusk/status/1831535647279943914,They should take you up on the offer. You are super fair.,They should take you up on the offer. You are super fair.,2,2,1,positive,neutral
1.75e+18,https://x.com/elonmusk/status/1752922071229722990,"The public vote is unequivocally in favor of Texas!

Tesla will move immediately to hold a shareholder vote to transfer state of incorporation to Texas.",The public vote is unequivocally in favor of Texas! Tesla will move immediately to hold a shareholder vote to transfer state of incorporation to Texas.,2,2,1,positive,neutral
1.59e+18,https://x.com/elonmusk/status/1593535742285750272,"@WholeMarsBlog Record numbers of users are logging in to see if Twitter is dead, ironically making it more alive than ever!","Record numbers of users are logging in to see if Twitter is dead, ironically making it more alive than ever!",2,2,1,positive,neutral
1.7e+18,https://x.com/elonmusk/status/1702285560541331532,"@dwr 🤣

What is up with the press!?

They seem to be extra sour these days. https://t.co/y8dcWSBAux",What is up with the press!? They seem to be extra sour these days.,0,0,1,negative,neutral
1.63e+18,https://x.com/elonmusk/status/1625580694494928897,"@WallStreetSilv Low birth rates lead to ghost cities and, eventually, ghost civilizations","Low birth rates lead to ghost cities and, eventually, ghost civilizations",0,0,2,negative,positive
1.05e+18,https://x.com/elonmusk/status/1045828553751711746,That was intense,That was intense,1,1,0,neutral,negative
1.53e+18,https://x.com/elonmusk/status/1529631588417421312,"@teslaownersSV @RyanGirdusky @GoodPoliticGuy If birth rates remain unchanged, South Korea will be ~6% of its current population in three generations, with a majority of people over age 60","If birth rates remain unchanged, South Korea will be ~6% of its current population in three generations, with a majority of people over age 60",0,0,2,negative,positive
1.91e+18,https://x.com/elonmusk/status/1905292428010979412,She should be fired immediately,She should be fired immediately,0,0,1,negative,neutral
1.84e+18,https://x.com/elonmusk/status/1841345939061215430,"Also, common sense. 

People need to live somewhere, so unless they move to a town with a lot of extra houses (true in some places, but not all places in America), there will be upward pressure on house prices proportionate to the influx of people.","Also, common sense. People need to live somewhere, so unless they move to a town with a lot of extra houses (true in some places, but not all places in America), there will be upward pressure on house prices proportionate to the influx of people.",1,1,0,neutral,negative
8.76e+17,https://x.com/elonmusk/status/875509067011153924,"$300M cost diff between SpaceX and Boeing/Lockheed exceeds avg value of satellite, so flying with SpaceX means satellite is basically free https://t.co/CaOulCf7ot","$300M cost diff between SpaceX and Boeing/Lockheed exceeds avg value of satellite, so flying with SpaceX means satellite is basically free",2,2,1,positive,neutral
9.45e+17,https://x.com/elonmusk/status/944710976930070528,"46k limited edition boring hats sold, 4K to go. Then flamethrower.","46k limited edition boring hats sold, 4K to go. Then flamethrower.",2,2,0,positive,negative
1.89e+18,https://x.com/elonmusk/status/1887710700912472443,"Anyone want to create a hard-hitting show on 𝕏 called 69 Minutes?

I will actually fund it!",Anyone want to create a hard-hitting show on 𝕏 called 69 Minutes? I will actually fund it!,2,2,1,positive,neutral
1.66e+18,https://x.com/elonmusk/status/1661035071552344066,"@PeterDiamandis Write it on Twitter! 

Our algorithm automatically gives higher preference for posts which have the most cumulative user-seconds, so native content will be recommended much more than links outside of Twitter.","Write it on Twitter! Our algorithm automatically gives higher preference for posts which have the most cumulative user-seconds, so native content will be recommended much more than links outside of Twitter.",2,1,2,neutral,positive
1.63e+18,https://x.com/elonmusk/status/1630654820565614593,"@Erdayastronaut Raptor start is now reliable on the test stand under most conditions. 

Now we’re working on dynamically adapting the start sequence based on increasingly difficult propellant inlet pressures &amp; temps. 

Operating with low pressure, “warm” liquid oxygen is particularly important.","Raptor start is now reliable on the test stand under most conditions. Now we're working on dynamically adapting the start sequence based on increasingly difficult propellant inlet pressures & temps. Operating with low pressure, ""warm"" liquid oxygen is particularly important.",2,2,0,positive,negative
1.74e+18,https://x.com/elonmusk/status/1736303967213068562,Create a Community on 𝕏!,Create a Community on 𝕏!,2,1,0,neutral,negative
1.87e+18,https://x.com/elonmusk/status/1865595693005406598,@visegrad24 Someone should tell her that there is a cure now for toxoplasmosis,Someone should tell her that there is a cure now for toxoplasmosis,0,0,1,negative,neutral
1.86e+18,https://x.com/elonmusk/status/1859769034147024994,"@ByronYork 💯

Biden said he would open the border before he became President and then he did what he said he would do!",Biden said he would open the border before he became President and then he did what he said he would do!,1,1,2,neutral,positive
1.08e+18,https://x.com/elonmusk/status/1081576707365064704,"Starship test vehicle under assembly will look similar to this illustration when finished. Operational Starships would obv have windows, etc. https://t.co/D8AJ01mjyR","Starship test vehicle under assembly will look similar to this illustration when finished. Operational Starships would obv have windows, etc.",1,1,0,neutral,negative
1.75e+18,https://x.com/elonmusk/status/1750368096945070474,And he did https://t.co/AZVkmSFiqj,And he did,1,1,0,neutral,negative
1.86e+18,https://x.com/elonmusk/status/1861803118746620262,"Most effective is to send https://t.co/bOUOek6al6 links to source material where people can hear what someone actually said, rather than the false representation of the legacy media","Most effective is to send links to source material where people can hear what someone actually said, rather than the false representation of the legacy media",2,2,1,positive,neutral
1.76e+18,https://x.com/elonmusk/status/1764999198624092368,"@dogeofficialceo I’m ready to fight Zuck anywhere, anytime with any rules. LFG!!!","I'm ready to fight Zuck anywhere, anytime with any rules. LFG!!!",2,2,0,positive,negative
1.6e+18,https://x.com/elonmusk/status/1598631136980131843,"@shortword @M3Marcel @WholeMarsBlog Current efficiency is 1.7kWh/mile, but there is a clear path to 1.6, possibly 1.5","Current efficiency is 1.7kWh/mile, but there is a clear path to 1.6, possibly 1.5",2,2,1,positive,neutral
1.33e+18,https://x.com/elonmusk/status/1329206361469710336,@shifthappends @Tesla A lot of my brain space is spent dealing with both units!,A lot of my brain space is spent dealing with both units!,1,1,0,neutral,negative
1.33e+18,https://x.com/elonmusk/status/1331391132367015937,@flcnhvy @thesheetztweetz Major upgrades are slated for SN15,Major upgrades are slated for SN15,2,2,0,positive,negative
1.68e+18,https://x.com/elonmusk/status/1682962207405948929,"@waxingarcane There are limits, but yes","There are limits, but yes",1,1,0,neutral,negative
1.88e+18,https://x.com/elonmusk/status/1878281096279867606,"Swords were the guns of the Middle Ages. 

And don’t even get me started on crossbows!

 https://t.co/usInl3QQp2",Swords were the guns of the Middle Ages. And don't even get me started on crossbows!,1,1,0,neutral,negative
1.77e+18,https://x.com/elonmusk/status/1772339467002482904,@libsoftiktok When will this madness stop!?,When will this madness stop!?,0,0,1,negative,neutral
1.38e+18,https://x.com/elonmusk/status/1382459271774834690,@cliffski @F9Block5 Hopefully addressed this summer,Hopefully addressed this summer,1,1,2,neutral,positive
1.69e+18,https://x.com/elonmusk/status/1688761718904623104,Falcon flies again,Falcon flies again,2,2,1,positive,neutral
9.82e+17,https://x.com/elonmusk/status/981975289403076610,@teslatidbits @Tesla We will add a feature to allow request of latest software version,We will add a feature to allow request of latest software version,2,2,1,positive,neutral
1.45e+18,https://x.com/elonmusk/status/1446535128545693699,@LifeofMikej @TeslaOwnersBC @DriveTeslaca @Tesla @Teslarati There are many small joys as you explore the car &amp; more to come via software updates,There are many small joys as you explore the car & more to come via software updates,2,2,0,positive,negative
1.01e+18,https://x.com/elonmusk/status/1012604447552204805,"@JaneidyEve Everything is sentient, especially sentience","Everything is sentient, especially sentience",1,1,2,neutral,positive
1.39e+18,https://x.com/elonmusk/status/1385106006141587459,"@ValaAfshar Very important. Most people don’t know this. Wind is also super cheap, especially when paired with batteries.","Very important. Most people don't know this. Wind is also super cheap, especially when paired with batteries.",2,2,1,positive,neutral
1.58e+18,https://x.com/elonmusk/status/1580307136952692737,@teslaownersSV The counter-intuitive thing is that it’s actually gonna be a sick product!,The counter-intuitive thing is that it's actually gonna be a sick product!,2,2,0,positive,negative
7.51e+17,https://x.com/elonmusk/status/750835746613915648,"@jacobrossi All publicly known Tesla product developments are called out, incl vehicles and batteries. Would be odd *not* to include.","All publicly known Tesla product developments are called out, incl vehicles and batteries. Would be odd *not* to include.",1,1,0,neutral,negative
1.75e+18,https://x.com/elonmusk/status/1753193317687308342,This could have been your family. It was someone’s family.,This could have been your family. It was someone's family.,0,0,2,negative,positive
1.01e+18,https://x.com/elonmusk/status/1008385171744174080,"@leechy3 @kausthav_ray @SpaceX SX 300 &amp; soon SX 500. Kind of a modern version of Inconel superalloys. High strength at temperature, extreme oxidation resistance. Needed for ~800 atmosphere, hot, oxygen-rich turbopump on Raptor rocket engine.","SX 300 & soon SX 500. Kind of a modern version of Inconel superalloys. High strength at temperature, extreme oxidation resistance. Needed for ~800 atmosphere, hot, oxygen-rich turbopump on Raptor rocket engine.",1,2,1,positive,neutral
1.53e+18,https://x.com/elonmusk/status/1527736730178158597,@Shem_Infinite I only heard about it last month and was blown away,I only heard about it last month and was blown away,2,2,0,positive,negative
1.68e+18,https://x.com/elonmusk/status/1682964056615931904,@AIFutureDesign @TwitterMovies I wouldn’t wear pink if you put a gun to my head,I wouldn't wear pink if you put a gun to my head,0,0,1,negative,neutral
2.3e+17,https://x.com/elonmusk/status/230490756966662144,"@dansitu Don't know about ""dark manipulators"", but Adbusters played a major role in creating Occupy http://t.co/fZ38XMeH","Don't know about ""dark manipulators"", but Adbusters played a major role in creating Occupy",1,1,0,neutral,negative
1.87e+18,https://x.com/elonmusk/status/1868964350305960426,She should sing her verdicts,She should sing her verdicts,1,1,2,neutral,positive
1.13e+18,https://x.com/elonmusk/status/1129940276745609219,Also porting Unreal Engine,Also porting Unreal Engine,1,1,0,neutral,negative
9.99e+17,https://x.com/elonmusk/status/999010167793504256,"@ericbrownzzz @dmatkins137 @ShayneRarma @NASA But ya know what, let’s test that theory. Maybe we do want UAW back, even tho UAW betrayed us 8 years ago &amp; left us here to rot. Maybe we want UAW back even tho injury rate today is 1/2 what it was with them &amp; wages were lower. Maybe. Let’s hold a vote &amp; find out.","But ya know what, let's test that theory. Maybe we do want UAW back, even tho UAW betrayed us 8 years ago & left us here to rot. Maybe we want UAW back even tho injury rate today is 1/2 what it was with them & wages were lower. Maybe. Let's hold a vote & find out.",0,0,1,negative,neutral
1.76e+18,https://x.com/elonmusk/status/1762146007385805300,"@zerohedge My guess is zero people get fired and they just fix the obvious stuff, while leaving the overall manipulation in place","My guess is zero people get fired and they just fix the obvious stuff, while leaving the overall manipulation in place",0,0,1,negative,neutral
1.34e+18,https://x.com/elonmusk/status/1337559580801425409,"@ErcXspace @SpaceX Ship leeward side will be bare metal, windward will have black, hexagonal heat shield tiles","Ship leeward side will be bare metal, windward will have black, hexagonal heat shield tiles",1,1,0,neutral,negative
1.69e+18,https://x.com/elonmusk/status/1685129287194558464,@alx _____ is a hell of a drug,___ is a hell of a drug,1,1,0,neutral,negative
1.18e+18,https://x.com/elonmusk/status/1176588054670323713,@HarryStoltz1 @justpaulinelol @Teslarati Turbo Pascal,Turbo Pascal,1,1,0,neutral,negative
1.77e+18,https://x.com/elonmusk/status/1773856964746805687,"@KettlebellDan People trash me all day. It’s fine. 

Mark Cuban is a 😢 baby.",People trash me all day. It's fine. Mark Cuban is a baby.,0,0,2,negative,positive
1.55e+18,https://x.com/elonmusk/status/1547761081841397762,"@Erdayastronaut @SpaceX @Caspar_Stanley @IzanRamos2002 Enabling engines to take the heat without shrouds might save over 10 tons, all things considered.

Shrouds are also a risk in that fuel leaks could be contained by the shroud, forming a MOX bomb.

Booster is purging all 33 engine shrouds in flight to prevent this.","Enabling engines to take the heat without shrouds might save over 10 tons, all things considered. Shrouds are also a risk in that fuel leaks could be contained by the shroud, forming a MOX bomb. Booster is purging all 33 engine shrouds in flight to prevent this.",1,1,0,neutral,negative
9.52e+17,https://x.com/elonmusk/status/952049059291803648,@DanielleFong @YoungTreeGrower @TylerDoor @ID_AA_Carmack There aren’t even good normal parties in Silicon Valley!,There aren't even good normal parties in Silicon Valley!,0,0,2,negative,positive
9e+17,https://x.com/elonmusk/status/900376843210981376,"@KonstDubbed Yeah. It's kinda disgusting, but my boys and I love it :)","Yeah. It's kinda disgusting, but my boys and I love it :)",2,2,0,positive,negative
1.88e+18,https://x.com/elonmusk/status/1879534990297575474,@stillgray They’re running out of room to imprison people for social media posting,They're running out of room to imprison people for social media posting,0,0,1,negative,neutral
1.61e+18,https://x.com/elonmusk/status/1606491128127451136,@tobi You can also now play all Steam games on the latest Model S/X cars,You can also now play all Steam games on the latest Model S/X cars,2,2,1,positive,neutral
1.51e+18,https://x.com/elonmusk/status/1512944276983975936,Weather is fake. I seen Truman Show!,Weather is fake. I seen Truman Show!,1,0,1,negative,neutral
1.69e+18,https://x.com/elonmusk/status/1687520435825745920,"The New York Times actually has the nerve to support calls for genocide! If ever there was a time to cancel that publication, it is now.

You can read their articles for free anyway using https://t.co/2NjvMTsWmj. https://t.co/ow11wxw7Ny","The New York Times actually has the nerve to support calls for genocide! If ever there was a time to cancel that publication, it is now. You can read their articles for free anyway using",0,0,1,negative,neutral
1.76e+18,https://x.com/elonmusk/status/1761176276621254807,"Meta Staff Found Instagram Tool Enabled Child Exploitation. The Company Pressed Ahead Anyway.

And yet @Disney spends billions on advertising with Meta … https://t.co/a8TDWMnYNH",Meta Staff Found Instagram Tool Enabled Child Exploitation. The Company Pressed Ahead Anyway. And yet spends billions on advertising with Meta …,0,0,2,negative,positive
9.59e+17,https://x.com/elonmusk/status/959482581451329536,"@TheTeslaShow Early access build and especially Dev build are feature-rich, but the features aren’t reliable enough yet","Early access build and especially Dev build are feature-rich, but the features aren't reliable enough yet",1,1,0,neutral,negative
1.87e+18,https://x.com/elonmusk/status/1870910663700390365,"I’d like to propose that Congress pass a “Save the Bureaucracy” bill, based on the premise that any given bill will do the opposite of its name 🤣🤣","I'd like to propose that Congress pass a ""Save the Bureaucracy"" bill, based on the premise that any given bill will do the opposite of its name",0,0,1,negative,neutral
1.49e+18,https://x.com/elonmusk/status/1488889793048195082,@MinimalDuck @Tesla @Gfilche @WholeMarsBlog Tunnels …,Tunnels …,1,1,0,neutral,negative
1.76e+18,https://x.com/elonmusk/status/1760323775768453481,"@RichardHanania Yeah, the legacy media is obsessed","Yeah, the legacy media is obsessed",0,0,2,negative,positive
1.01e+18,https://x.com/elonmusk/status/1008124944289370113,"@michaelshermer Direct democracy by the people. Laws must be short, as there is trickery in length. Automatic expiration of rules to prevent death by bureaucracy. Any rule can be removed by 40% of people to overcome inertia. Freedom.","Direct democracy by the people. Laws must be short, as there is trickery in length. Automatic expiration of rules to prevent death by bureaucracy. Any rule can be removed by 40% of people to overcome inertia. Freedom.",1,2,1,positive,neutral
1.83e+18,https://x.com/elonmusk/status/1833879567838453782,"If you want to know more about the content of a post, just highlight and ask Grok!","If you want to know more about the content of a post, just highlight and ask Grok!",2,2,1,positive,neutral
1.72e+18,https://x.com/elonmusk/status/1717989656485105994,Maybe time’s just a construct of human perception. An illusion created by … https://t.co/iiDxRoPJwv,Maybe time's just a construct of human perception. An illusion created by …,1,1,2,neutral,positive
1.65e+18,https://x.com/elonmusk/status/1645272482885128192,"@TRHLofficial This is a controversial take, but I think it’s time we let women vote","This is a controversial take, but I think it's time we let women vote",1,0,1,negative,neutral
1.32e+18,https://x.com/elonmusk/status/1323639506436825092,"@vincent13031925 @JonErlichman I put in my last money, even though I thought we would still fail. But, it was either that or certain death for Tesla. Extremely difficult to raise money for an electric car startup (considered super quirky back then), while stalwarts like GM &amp; Chrysler were going bankrupt.","I put in my last money, even though I thought we would still fail. But, it was either that or certain death for Tesla. Extremely difficult to raise money for an electric car startup (considered super quirky back then), while stalwarts like GM & Chrysler were going bankrupt.",1,1,0,neutral,negative
1.76e+18,https://x.com/elonmusk/status/1761920119645818918,The main way legacy media lies is by controlling the narrative,The main way legacy media lies is by controlling the narrative,0,0,1,negative,neutral
1.7e+18,https://x.com/elonmusk/status/1703327746955551060,@BillMelugin_ @firehawkphoto The Joker is winning in real life in our cities in America,The Joker is winning in real life in our cities in America,0,0,2,negative,positive
1.86e+18,https://x.com/elonmusk/status/1864849107585560726,@alx He’s a tough negotiator 😂,He's a tough negotiator,1,1,0,neutral,negative
1.73e+18,https://x.com/elonmusk/status/1733237507431526635,@alifarhat79 I am told that there is no evidence that he ever visited the island,I am told that there is no evidence that he ever visited the island,1,1,0,neutral,negative
1.87e+18,https://x.com/elonmusk/status/1865880047912985087,@MikeBenzCyber The sheer magnitude and breadth of the scams in government are mind-blowing,The sheer magnitude and breadth of the scams in government are mind-blowing,0,0,1,negative,neutral
1.84e+18,https://x.com/elonmusk/status/1839931278340010214,From many countries,From many countries,1,1,0,neutral,negative
1.76e+18,https://x.com/elonmusk/status/1755264018145804689,"If I had a dollar for every time the media reported that one of my companies was going to die, I would never need to raise money!","If I had a dollar for every time the media reported that one of my companies was going to die, I would never need to raise money!",0,2,0,positive,negative
1.89e+18,https://x.com/elonmusk/status/1886697613644218435,"@unusual_whales Should be called the “Shady Business Administration”. 

Only 8% of loans are paid back!","Should be called the ""Shady Business Administration"". Only 8% of loans are paid back!",0,0,1,negative,neutral
1.89e+18,https://x.com/elonmusk/status/1892615780119748881,@AdamLowisz @DefiyantlyFree There must be some solution that is not constant daily death of Ukrainian men in trenches,There must be some solution that is not constant daily death of Ukrainian men in trenches,0,0,2,negative,positive
1.57e+18,https://x.com/elonmusk/status/1567192288442388481,@garyblack00 Read the actual ruling. We had zero to do with David Sack’s response. Zero.,Read the actual ruling. We had zero to do with David Sack's response. Zero.,1,0,2,negative,positive
1.41e+18,https://x.com/elonmusk/status/1413739988399833091,@edisoneom @richardbranson @StephenAtHome @thegreatkhalid @Cmdr_Hadfield @kelliegerardi @virgingalactic Only ever have,Only ever have,1,1,2,neutral,positive
1.89e+18,https://x.com/elonmusk/status/1889262650502123630,@stillgray But really how did she?,But really how did she?,1,1,0,neutral,negative
1.85e+18,https://x.com/elonmusk/status/1852362688325656884,Women are exceeding men in academia,Women are exceeding men in academia,2,1,2,neutral,positive
1.86e+18,https://x.com/elonmusk/status/1860040571626340764,"The most entertaining outcome, especially if ironic, is most likely 😂","The most entertaining outcome, especially if ironic, is most likely",1,1,2,neutral,positive
1.66e+18,https://x.com/elonmusk/status/1655130145445879808,"@marenkahnert I’d just to see a picture of this mine. Like, where is it exactly!?","I'd just to see a picture of this mine. Like, where is it exactly!?",1,1,2,neutral,positive
3.21e+17,https://x.com/elonmusk/status/321409229565075456,@ryanjoyce88 We went through literally hundreds of variants of red trying to find something original that didn't suck.,We went through literally hundreds of variants of red trying to find something original that didn't suck.,1,1,0,neutral,negative
1.89e+18,https://x.com/elonmusk/status/1888036647972774014,Exactly. Total madness!,Exactly. Total madness!,0,0,1,negative,neutral
1.82e+18,https://x.com/elonmusk/status/1819548856910012724,@hoovlet Detailed explanation,Detailed explanation,1,1,2,neutral,positive
1.66e+18,https://x.com/elonmusk/status/1657576561288138752,"Poetry with quill 🪶 
Written on rose 🌹 
With my blood 🩸",Poetry with quill 🪶 Written on rose With my blood 🩸,1,0,1,negative,neutral
1.64e+18,https://x.com/elonmusk/status/1641712856897839110,@nichegamer Really that good?,Really that good?,1,1,2,neutral,positive
1.89e+18,https://x.com/elonmusk/status/1894417769707573618,"I will do whatever I can.

There are limitations place upon me.",I will do whatever I can. There are limitations place upon me.,1,1,2,neutral,positive
1.84e+18,https://x.com/elonmusk/status/1844435192884416611,Google is controlled by far left activists,Google is controlled by far left activists,0,0,1,negative,neutral
1.62e+18,https://x.com/elonmusk/status/1618306035340709888,"@BretWeinstein Several aspects of For You recommendations were fixed last night. Team and were in the office past midnight.

You should see improvements, but we are continuing to monitor.","Several aspects of For You recommendations were fixed last night. Team and were in the office past midnight. You should see improvements, but we are continuing to monitor.",2,2,0,positive,negative
1.85e+18,https://x.com/elonmusk/status/1848127009375113386,"If America falls, nothing else matters","If America falls, nothing else matters",0,0,1,negative,neutral
1.9e+18,https://x.com/elonmusk/status/1895257766815768940,@EricLDaugh Something fishy is going on,Something fishy is going on,0,0,1,negative,neutral
1.83e+18,https://x.com/elonmusk/status/1833326667072475252,Paging @PETA … 👋,Paging …,1,1,0,neutral,negative
1.83e+18,https://x.com/elonmusk/status/1833345969074933963,@pmarca Removing the immense number of pointless regulations and shifting investment to the private sector is the key,Removing the immense number of pointless regulations and shifting investment to the private sector is the key,2,2,1,positive,neutral
1.4e+18,https://x.com/elonmusk/status/1404330986951766021,@DELTA_V @spacex360 So much more is needed for life to become multiplanetary,So much more is needed for life to become multiplanetary,1,1,2,neutral,positive
1.62e+18,https://x.com/elonmusk/status/1616570445226180623,@ezralevant Power to the people!,Power to the people!,2,2,1,positive,neutral
1.68e+18,https://x.com/elonmusk/status/1677356061546749957,"@shellenberger With the exception of this platform, large social media companies gladly engage in heavy censorship","With the exception of this platform, large social media companies gladly engage in heavy censorship",0,0,1,negative,neutral
1.65e+18,https://x.com/elonmusk/status/1645116142791393283,Tesla opening Megapack factory in Shanghai to supplement output of Megapack factory in California,Tesla opening Megapack factory in Shanghai to supplement output of Megapack factory in California,2,1,2,neutral,positive
1.65e+18,https://x.com/elonmusk/status/1653567634657656832,@Damadeferroofic These guys? https://t.co/qLxjXDObGH,These guys?,1,1,2,neutral,positive
1.85e+18,https://x.com/elonmusk/status/1853951035326562527,"Hear all sides of an issue on this platform, corrected further by the fully open source @CommunityNotes!","Hear all sides of an issue on this platform, corrected further by the fully open source !",2,2,1,positive,neutral
1.8e+18,https://x.com/elonmusk/status/1797286297960165863,I love monuments to hubris,I love monuments to hubris,2,0,2,negative,positive
1.87e+18,https://x.com/elonmusk/status/1873188759526887447,"SpaceX launch underway 
 https://t.co/8JxXqiJho2",SpaceX launch underway,1,1,2,neutral,positive
1.57e+18,https://x.com/elonmusk/status/1571154307759603718,to help mend the fault in our stars,to help mend the fault in our stars,1,2,0,positive,negative
1.61e+18,https://x.com/elonmusk/status/1606290057890889729,@shethssahil1 @TheSonOfWalkley @Twitter Spaces should automatically ask the host if they’d like to save it,Spaces should automatically ask the host if they'd like to save it,1,1,0,neutral,negative
1.79e+18,https://x.com/elonmusk/status/1787516961074930002,"@EndWokeness @camhigby Wow, she is proudly racist!!","Wow, she is proudly racist!!",0,0,2,negative,positive
1.61e+18,https://x.com/elonmusk/status/1614119750627459074,"The higher the rates, the harder the fall","The higher the rates, the harder the fall",0,0,2,negative,positive
1.38e+18,https://x.com/elonmusk/status/1375909123246686212,"@summerlinARK It’s not really possible to match the human brain in 2021 for any amount of money imo, but it will be possible probably in a few years","It's not really possible to match the human brain in 2021 for any amount of money imo, but it will be possible probably in a few years",1,1,0,neutral,negative
1.5e+18,https://x.com/elonmusk/status/1503831484523819011,"Thank you for the offer, but such excellent training would give me too much of an advantage. 

If he is afraid to fight, I will agree to use only my left hand and I am not even left-handed.

Elona","Thank you for the offer, but such excellent training would give me too much of an advantage. If he is afraid to fight, I will agree to use only my left hand and I am not even left-handed. Elona",2,1,0,neutral,negative
1.21e+18,https://x.com/elonmusk/status/1205676667705757696,@bluemoondance74 @ThugsAndMiracle @tfspeakcies @DearHistorians @DeepintoHistory @HellenisticPod @TrueConsPod @IWBpodcast @Coffincast @CacheHistory @AgeofVictoria @ForYourRefPod @WWIIPodcast @namelessdeadpod @ZombieFishbowl @AgeofNapoleon Raptor is making great progress! Just finished an engineering review with SpaceX Propulsion. Engine SN 17 is about to ship to McGregor with some holiday style 🎄😀 https://t.co/3JNIyxY9H0,Raptor is making great progress! Just finished an engineering review with SpaceX Propulsion. Engine SN 17 is about to ship to McGregor with some holiday style,2,2,1,positive,neutral
1.42e+18,https://x.com/elonmusk/status/1423682460748066818,"@WholeMarsBlog @NASASpaceflight @BBCAmos There is a reason no fully reusable orbital rocket has been built – it’s an insanely hard problem. 

Moreover, it must be rapidly &amp; completely reusable (like an airplane). This is the only way to make life multiplanetary.

Efficiencies of scale is why Starship is so large.","There is a reason no fully reusable orbital rocket has been built – it's an insanely hard problem. Moreover, it must be rapidly & completely reusable (like an airplane). This is the only way to make life multiplanetary. Efficiencies of scale is why Starship is so large.",1,1,0,neutral,negative
1.16e+18,https://x.com/elonmusk/status/1157954787926773760,@banQuo__ Mad skillz,Mad skillz,2,2,0,positive,negative
1.21e+18,https://x.com/elonmusk/status/1211232157370404864,"@RationalEtienne @EvaFoxU @amargosavalley That might have something to do with it. “Stalin: Court of the Red Tsar” was one of the few books so dark I had to stop reading. If only they’d listened to Lenin’s last wish, much tragedy may have been averted.","That might have something to do with it. ""Stalin: Court of the Red Tsar"" was one of the few books so dark I had to stop reading. If only they'd listened to Lenin's last wish, much tragedy may have been averted.",1,0,1,negative,neutral
1.14e+18,https://x.com/elonmusk/status/1141198742919344130,"@cleantechnica @Tesla Sole meunière
https://t.co/EYi4gHmJ5X",Sole meunière,1,1,0,neutral,negative
1.53e+18,https://x.com/elonmusk/status/1529100718065569792,"Contrary to what many think, the richer someone is, the fewer kids they have.

I am a rare exception. Most people I know have zero or one kid.","Contrary to what many think, the richer someone is, the fewer kids they have. I am a rare exception. Most people I know have zero or one kid.",1,1,2,neutral,positive
1.74e+18,https://x.com/elonmusk/status/1744414136086200632,@teslaownersSV That was wild,That was wild,2,1,2,neutral,positive
1.25e+18,https://x.com/elonmusk/status/1247049621374930951,@archillect Like tears in rain,Like tears in rain,1,1,0,neutral,negative
1.75e+18,https://x.com/elonmusk/status/1748611806543724546,@WallStreetSilv Sick burn,Sick burn,2,2,0,positive,negative
1.66e+18,https://x.com/elonmusk/status/1658564606984441859,Tesla shareholder meeting underway,Tesla shareholder meeting underway,1,1,2,neutral,positive
1.46e+18,https://x.com/elonmusk/status/1457083243933601802,@Rainmaker1973 Tesla Autopilot spends a lot of effort on minimizing jerk,Tesla Autopilot spends a lot of effort on minimizing jerk,1,2,0,positive,negative
1.77e+18,https://x.com/elonmusk/status/1773934659287605651,@pmarca Expansion of consciousness in all its forms,Expansion of consciousness in all its forms,2,2,0,positive,negative
1.69e+18,https://x.com/elonmusk/status/1689188669251338240,@RichardDawkins Many parallels,Many parallels,1,1,2,neutral,positive
1.1e+18,https://x.com/elonmusk/status/1095945664876462080,"@TslaTimeCapsule @BMWi @Audi @Cadillac @WSJ @28delayslater Wow, 2013","Wow, 2013",2,1,2,neutral,positive
1.33e+18,https://x.com/elonmusk/status/1330204058817351684,@NASASpaceflight Largest cast titanium part in the world. No heat shielding needed.,Largest cast titanium part in the world. No heat shielding needed.,2,2,0,positive,negative
1.8e+18,https://x.com/elonmusk/status/1798734748707397991,"@Cmdr_Hadfield @SpaceX Thanks Chris!

A fully and immediately reusable orbital heat shield, which (as you know) has never been made before, is the single toughest problem remaining.

Being able to iterate with many ideas on many ships is key to solving this.","Thanks Chris! A fully and immediately reusable orbital heat shield, which (as you know) has never been made before, is the single toughest problem remaining. Being able to iterate with many ideas on many ships is key to solving this.",2,2,0,positive,negative
1.33e+18,https://x.com/elonmusk/status/1329448467161370638,@Suvitruf @archillect Haha sexy cropping champion of all time,Haha sexy cropping champion of all time,2,2,1,positive,neutral
1.67e+18,https://x.com/elonmusk/status/1671362974072688644,"@Kristennetten To the computer, everything is in slow motion","To the computer, everything is in slow motion",1,1,0,neutral,negative
1.66e+18,https://x.com/elonmusk/status/1657570459502649344,@KanekoaTheGreat Covid Cult Culture,Covid Cult Culture,0,0,2,negative,positive
1.48e+18,https://x.com/elonmusk/status/1482598301694238723,So informative https://t.co/rTktvhYukK,So informative,2,2,0,positive,negative
1.63e+18,https://x.com/elonmusk/status/1632186257659838467,@pmarca People who throw the disinformation word around constantly are almost certainly guilty of engaging in it,People who throw the disinformation word around constantly are almost certainly guilty of engaging in it,0,0,1,negative,neutral
1.43e+18,https://x.com/elonmusk/status/1429689615707824128,@lexfridman @karpathy My son asked if we would still speak English 7000 years from now. I said probably not. There was not even the faintest hint of English 7000 years ago.,My son asked if we would still speak English 7000 years from now. I said probably not. There was not even the faintest hint of English 7000 years ago.,1,1,0,neutral,negative
1.72e+18,https://x.com/elonmusk/status/1721620272845836458,"@zerohedge The other platforms engage in constant, usually subtle, censorship. 

Most of the time, you don’t even know it’s happening. 

This just happens to be something that caught people’s attention, so it is hard to hide.","The other platforms engage in constant, usually subtle, censorship. Most of the time, you don't even know it's happening. This just happens to be something that caught people's attention, so it is hard to hide.",0,0,1,negative,neutral
1.87e+18,https://x.com/elonmusk/status/1866397897098420716,@AutismCapital That’s fine,That's fine,1,1,2,neutral,positive
1.57e+18,https://x.com/elonmusk/status/1569759897176231937,@TaraBull808 Sounds pretty bad,Sounds pretty bad,0,0,2,negative,positive
1.83e+18,https://x.com/elonmusk/status/1831934583354609839,@lexfridman There is 0.0% chance of a Dem administration doing anything except increasing the size of government,There is 0.0% chance of a Dem administration doing anything except increasing the size of government,0,0,1,negative,neutral
1.42e+18,https://x.com/elonmusk/status/1415346183707545605,"@preachy_spice It was Richard’s rental house, which overall is great, but I agree regarding the cabinets haha. This was 3am, day of flight. Wasn’t expecting this brutal pic of me to be posted, but oh well.","It was Richard's rental house, which overall is great, but I agree regarding the cabinets haha. This was 3am, day of flight. Wasn't expecting this brutal pic of me to be posted, but oh well.",1,1,2,neutral,positive
1.77e+18,https://x.com/elonmusk/status/1770073471608852762,@RepThomasMassie Or a strong-willed President,Or a strong-willed President,1,1,2,neutral,positive
1.89e+18,https://x.com/elonmusk/status/1886637579577020896,Don’t mess with @DOGE https://t.co/wgdJBxNzyG,Don't mess with,1,1,0,neutral,negative
1.11e+18,https://x.com/elonmusk/status/1109901209446416385,"@andrewmackenzie Every car company is constantly changing prices, but nobody cares","Every car company is constantly changing prices, but nobody cares",1,0,1,negative,neutral
4.96e+17,https://x.com/DarbsenWtf/status/496010572333580288,"Netflix doet kut, dus dan maar teringherrie pompen. Iemand nog suggesties?","Netflix doet kut, dus dan maar teringherrie pompen. Iemand nog suggesties?",1,0,2,negative,positive
9.84e+17,https://x.com/elonmusk/status/983775391851528192,@volgaksoy @visageofscott Place your bets …,Place your bets …,1,1,2,neutral,positive
1.75e+18,https://x.com/elonmusk/status/1751731032636985493,@WholeMarsBlog Minecraft irl,Minecraft irl,1,1,0,neutral,negative
1.76e+18,https://x.com/elonmusk/status/1764055153995309256,"@RandPaul We at least need to know where exactly the money is going and what the exit strategy is.

Either way, government spending is out of control.","We at least need to know where exactly the money is going and what the exit strategy is. Either way, government spending is out of control.",0,0,1,negative,neutral
1.87e+18,https://x.com/elonmusk/status/1873936504520925233,@teslaownersSV It just literally is,It just literally is,1,1,0,neutral,negative
1.32e+18,https://x.com/elonmusk/status/1319059307804045316,"@WholeMarsBlog Not intentional! We just wanted to show that you could theoretically convert the entire US vehicle fleet to electric using only the lithium in Nevada, a single state. Tesla will do lithium mining only as needed. We also found a way to extract lithium using NaCl (table salt).","Not intentional! We just wanted to show that you could theoretically convert the entire US vehicle fleet to electric using only the lithium in Nevada, a single state. Tesla will do lithium mining only as needed. We also found a way to extract lithium using NaCl (table salt).",2,2,0,positive,negative
1.62e+18,https://x.com/elonmusk/status/1615192220419887105,@BillyM2k Should Twitter keep it active?,Should Twitter keep it active?,1,1,2,neutral,positive
1.74e+18,https://x.com/elonmusk/status/1739728474384871587,Or do both!,Or do both!,2,2,0,positive,negative
1.66e+18,https://x.com/elonmusk/status/1662764138043518977,@zerohedge For obvious &amp; sensible reasons,For obvious & sensible reasons,1,1,2,neutral,positive
1.62e+18,https://x.com/elonmusk/status/1615403742001762304,@ScottAdamsSays Would be great if someone could compile a game contest of who said the craziest stuff between 4chan and WEF! My money is on the latter.,Would be great if someone could compile a game contest of who said the craziest stuff between 4chan and WEF! My money is on the latter.,1,0,2,negative,positive
8.73e+17,https://x.com/elonmusk/status/873306583983247360,"@RITSPEX @ID_AA_Carmack @mmeijeri Slow at first, then very fast. Def not hover.","Slow at first, then very fast. Def not hover.",1,1,0,neutral,negative
7.17e+17,https://x.com/elonmusk/status/716750603813318656,@PeteEhmKay @gerardomarina what's the link to that?,what's the link to that?,1,1,2,neutral,positive
2.02e+17,https://x.com/elonmusk/status/201856175644491777,Must remember not to refer to Chimpanzees as deadly killing machines when taking little kids to see a movie about them,Must remember not to refer to Chimpanzees as deadly killing machines when taking little kids to see a movie about them,1,1,0,neutral,negative
1.2e+18,https://x.com/elonmusk/status/1197987290317914112,@reecethesaxman We threw same steel ball at same window several times right before event &amp; didn’t even scratch the glass!,We threw same steel ball at same window several times right before event & didn't even scratch the glass!,2,2,0,positive,negative
1.9e+18,https://x.com/elonmusk/status/1896625472957796612,Imagine if that were to happen … oh it already has,Imagine if that were to happen … oh it already has,0,0,1,negative,neutral
