id,url,fullText,clean_txt,label,cardiff_roberta_pred,weighted-naive-bayes-lr_pred,cardiff_roberta_pred_label,weighted-naive-bayes-lr_pred_label
1.7e+18,https://x.com/elonmusk/status/1700795854729232671,Aka opening your email https://t.co/QKe4aButYQ,Aka opening your email,1,1,0,neutral,negative
7.89e+17,https://x.com/elonmusk/status/789008557341454336,@vicentes latest autonomous hardware allows for easy computer upgrade,latest autonomous hardware allows for easy computer upgrade,2,2,1,positive,neutral
1.9e+18,https://x.com/elonmusk/status/1898759859459203457,"@sikorskiradek Be quiet, small man. 

You pay a tiny fraction of the cost. 

And there is no substitute for Starlink.","Be quiet, small man. You pay a tiny fraction of the cost. And there is no substitute for Starlink.",0,0,1,negative,neutral
1.82e+18,https://x.com/elonmusk/status/1822529113007292522,"@WallStreetSilv Tragically, this is too often true","Tragically, this is too often true",0,0,1,negative,neutral
1.9e+18,https://x.com/elonmusk/status/1898946634383269898,"@CollinRugg This is so crazy! Let the man keep his treehouse. It looks cool. 

Also, vote Republican for smaller government, so this bs stops happening!","This is so crazy! Let the man keep his treehouse. It looks cool. Also, vote Republican for smaller government, so this bs stops happening!",2,0,2,negative,positive
1.77e+18,https://x.com/elonmusk/status/1769216436273021439,"@WallStreetSilv Yeah, we dodged a lemon 🍋 for sure 😂

He is a beyond entitled and his show is unwatchable.","Yeah, we dodged a lemon for sure He is a beyond entitled and his show is unwatchable.",1,0,1,negative,neutral
1.78e+18,https://x.com/elonmusk/status/1780376546148327690,"@WholeMarsBlog Not quite betting the company, but going balls to the wall for autonomy is a blindingly obvious move. 

Everything else is like variations on a horse carriage.","Not quite betting the company, but going balls to the wall for autonomy is a blindingly obvious move. Everything else is like variations on a horse carriage.",1,0,1,negative,neutral
1.43e+18,https://x.com/elonmusk/status/1432497810004402177,The dark side of OnlyFans … https://t.co/EpMP1q62jn,The dark side of OnlyFans …,2,0,1,negative,neutral
1.35e+18,https://x.com/elonmusk/status/1354667352625979395,@avalonpenrose A hedge fund that shorts is a shrubbery,A hedge fund that shorts is a shrubbery,2,0,1,negative,neutral
1.86e+18,https://x.com/elonmusk/status/1856349325896392787,Becoming multiplanetary will greatly increase the lifespan of our civilization and it is the critical next step to becoming multistellar,Becoming multiplanetary will greatly increase the lifespan of our civilization and it is the critical next step to becoming multistellar,1,2,1,positive,neutral
1.67e+18,https://x.com/elonmusk/status/1669142093875347456,@cb_doge Not bad,Not bad,2,2,1,positive,neutral
1.68e+18,https://x.com/elonmusk/status/1680360251810349056,@BillyM2k We are working on it. High priority.,We are working on it. High priority.,2,2,1,positive,neutral
1.84e+18,https://x.com/elonmusk/status/1840988697124041098,"@stclairashley Literally! Your average library has more identity verification than California requires for voting. 

I wonder why 🤔",Literally! Your average library has more identity verification than California requires for voting. I wonder why,0,0,1,negative,neutral
1.7e+18,https://x.com/elonmusk/status/1703325625283727504,@cremieuxrecueil Important to stay that way,Important to stay that way,2,1,2,neutral,positive
1.77e+18,https://x.com/elonmusk/status/1771985911741599832,"@Jason If you don’t own your own home, you own nothing","If you don't own your own home, you own nothing",0,0,1,negative,neutral
1.85e+18,https://x.com/elonmusk/status/1853071386425651582,She wants to break the Constitution,She wants to break the Constitution,0,0,1,negative,neutral
1.84e+18,https://x.com/elonmusk/status/1842039975107285500,@pmarca @robkhenderson That cycle has happened so many times,That cycle has happened so many times,1,0,1,negative,neutral
1.65e+18,https://x.com/elonmusk/status/1646953102778552320,@all_in_tok @SFGovTV @theallinpod @DavidSacks @Jason Exactly. Take a walk through downtown around Twitter HQ. Outrageous that city officials would claim that it is not dangerous!,Exactly. Take a walk through downtown around Twitter HQ. Outrageous that city officials would claim that it is not dangerous!,0,0,1,negative,neutral
1.82e+18,https://x.com/elonmusk/status/1823743685093208169,@TrungTPhan BIG CANDY,BIG CANDY,2,2,1,positive,neutral
1.87e+18,https://x.com/elonmusk/status/1873928098087117137,"𝕏 is the number 1 source of news on Earth. 

Nothing else is even close.",𝕏 is the number 1 source of news on Earth. Nothing else is even close.,2,2,1,positive,neutral
1.71e+18,https://x.com/elonmusk/status/1708663139070251296,@astro_greek They had to let that sink in. Impossible not to.,They had to let that sink in. Impossible not to.,1,1,0,neutral,negative
1.75e+18,https://x.com/elonmusk/status/1753558150983082216,@PlanetOfMemes The contempt he showed for America is galling,The contempt he showed for America is galling,0,0,1,negative,neutral
1.89e+18,https://x.com/elonmusk/status/1889726466880831682,@Suffragent_ @guardian Another fake judge,Another fake judge,0,0,1,negative,neutral
1.87e+18,https://x.com/elonmusk/status/1869918113052885470,@WallStreetMav What percentage of the government is even working a week before Christmas anyway? My guess is very low.,What percentage of the government is even working a week before Christmas anyway? My guess is very low.,1,0,1,negative,neutral
1.84e+18,https://x.com/elonmusk/status/1835914640351793229,@MattWalshBlog Because they’re racists?  🤷‍♂️,Because they're racists? ‍♂️,0,0,1,negative,neutral
1.85e+18,https://x.com/elonmusk/status/1851161873816903728,@amuse AOC was like murdered like 17 times at least,AOC was like murdered like 17 times at least,0,0,1,negative,neutral
1.79e+18,https://x.com/elonmusk/status/1786436088875077772,@MarioNawfal White House book burning,White House book burning,0,1,2,neutral,positive
1.72e+18,https://x.com/elonmusk/status/1719521352820863382,@SawyerMerritt Competing with SpaceX is tough,Competing with SpaceX is tough,1,1,0,neutral,negative
1.69e+18,https://x.com/elonmusk/status/1694112544342913533,@PrinceVogel He is now in logo heaven,He is now in logo heaven,1,2,1,positive,neutral
1.66e+18,https://x.com/elonmusk/status/1657204060334989312,"@zerohedge So you’re saying there’s a chance we make it? Yesss 💪!!
https://t.co/9aMviVhLMD",So you're saying there's a chance we make it? Yesss !!,2,2,1,positive,neutral
1.81e+18,https://x.com/elonmusk/status/1811783320839008381,"The European Commission offered 𝕏 an illegal secret deal: if we quietly censored speech without telling anyone, they would not fine us. 

The other platforms accepted that deal. 

𝕏 did not.","The European Commission offered 𝕏 an illegal secret deal: if we quietly censored speech without telling anyone, they would not fine us. The other platforms accepted that deal. 𝕏 did not.",0,1,0,neutral,negative
1.88e+18,https://x.com/elonmusk/status/1876891493014569426,"@JustinTrudeau Girl, you’re not the governor of Canada anymore, so doesn’t matter what you say","Girl, you're not the governor of Canada anymore, so doesn't matter what you say",0,0,1,negative,neutral
9.7e+17,https://x.com/elonmusk/status/970088614183845888,@ToddBourne @Tesla Almost done,Almost done,1,2,1,positive,neutral
1.83e+18,https://x.com/elonmusk/status/1831535647279943914,They should take you up on the offer. You are super fair.,They should take you up on the offer. You are super fair.,2,2,1,positive,neutral
1.75e+18,https://x.com/elonmusk/status/1752922071229722990,"The public vote is unequivocally in favor of Texas!

Tesla will move immediately to hold a shareholder vote to transfer state of incorporation to Texas.",The public vote is unequivocally in favor of Texas! Tesla will move immediately to hold a shareholder vote to transfer state of incorporation to Texas.,2,2,1,positive,neutral
1.59e+18,https://x.com/elonmusk/status/1593535742285750272,"@WholeMarsBlog Record numbers of users are logging in to see if Twitter is dead, ironically making it more alive than ever!","Record numbers of users are logging in to see if Twitter is dead, ironically making it more alive than ever!",2,2,1,positive,neutral
1.7e+18,https://x.com/elonmusk/status/1702285560541331532,"@dwr 🤣

What is up with the press!?

They seem to be extra sour these days. https://t.co/y8dcWSBAux",What is up with the press!? They seem to be extra sour these days.,0,0,1,negative,neutral
1.63e+18,https://x.com/elonmusk/status/1625580694494928897,"@WallStreetSilv Low birth rates lead to ghost cities and, eventually, ghost civilizations","Low birth rates lead to ghost cities and, eventually, ghost civilizations",0,0,1,negative,neutral
1.05e+18,https://x.com/elonmusk/status/1045828553751711746,That was intense,That was intense,1,2,1,positive,neutral
1.47e+18,https://x.com/elonmusk/status/1469006861588434959,@_rykllan @SpaceX @FelixSchlang @MarcusHouse @Erdayastronaut @bluemoondance74 @NextHorizonsSF Rocket fleets grows,Rocket fleets grows,2,2,1,positive,neutral
1.89e+18,https://x.com/elonmusk/status/1887710700912472443,"Anyone want to create a hard-hitting show on 𝕏 called 69 Minutes?

I will actually fund it!",Anyone want to create a hard-hitting show on 𝕏 called 69 Minutes? I will actually fund it!,2,2,0,positive,negative
9.99e+17,https://x.com/elonmusk/status/999361510915768320,@jaspar Oh hey another sanctimonious media person who thinks he’s above criticism. Try being truthful &amp; the public will believe you again.,Oh hey another sanctimonious media person who thinks he's above criticism. Try being truthful & the public will believe you again.,0,0,1,negative,neutral
1.63e+18,https://x.com/elonmusk/status/1630654820565614593,"@Erdayastronaut Raptor start is now reliable on the test stand under most conditions. 

Now we’re working on dynamically adapting the start sequence based on increasingly difficult propellant inlet pressures &amp; temps. 

Operating with low pressure, “warm” liquid oxygen is particularly important.","Raptor start is now reliable on the test stand under most conditions. Now we're working on dynamically adapting the start sequence based on increasingly difficult propellant inlet pressures & temps. Operating with low pressure, ""warm"" liquid oxygen is particularly important.",2,2,1,positive,neutral
1.76e+18,https://x.com/elonmusk/status/1764999198624092368,"@dogeofficialceo I’m ready to fight Zuck anywhere, anytime with any rules. LFG!!!","I'm ready to fight Zuck anywhere, anytime with any rules. LFG!!!",2,2,0,positive,negative
1.69e+18,https://x.com/elonmusk/status/1685343230475325440,I knew birds weren’t real,I knew birds weren't real,1,0,1,negative,neutral
1.33e+18,https://x.com/elonmusk/status/1329206361469710336,@shifthappends @Tesla A lot of my brain space is spent dealing with both units!,A lot of my brain space is spent dealing with both units!,1,1,0,neutral,negative
1.88e+18,https://x.com/elonmusk/status/1877569861758390382,Competence saves lives,Competence saves lives,2,2,1,positive,neutral
1.78e+18,https://x.com/elonmusk/status/1776737723770105983,@WallStreetSilv The AP is responsible for more false information than all “anonymous” accounts combined. It’s not even close.,"The AP is responsible for more false information than all ""anonymous"" accounts combined. It's not even close.",0,0,1,negative,neutral
1.88e+18,https://x.com/elonmusk/status/1878281096279867606,"Swords were the guns of the Middle Ages. 

And don’t even get me started on crossbows!

 https://t.co/usInl3QQp2",Swords were the guns of the Middle Ages. And don't even get me started on crossbows!,1,1,0,neutral,negative
1.45e+18,https://x.com/elonmusk/status/1446535128545693699,@LifeofMikej @TeslaOwnersBC @DriveTeslaca @Tesla @Teslarati There are many small joys as you explore the car &amp; more to come via software updates,There are many small joys as you explore the car & more to come via software updates,2,2,1,positive,neutral
1.39e+18,https://x.com/elonmusk/status/1385106006141587459,"@ValaAfshar Very important. Most people don’t know this. Wind is also super cheap, especially when paired with batteries.","Very important. Most people don't know this. Wind is also super cheap, especially when paired with batteries.",2,2,0,positive,negative
1.58e+18,https://x.com/elonmusk/status/1580307136952692737,@teslaownersSV The counter-intuitive thing is that it’s actually gonna be a sick product!,The counter-intuitive thing is that it's actually gonna be a sick product!,2,2,0,positive,negative
1.75e+18,https://x.com/elonmusk/status/1753193317687308342,This could have been your family. It was someone’s family.,This could have been your family. It was someone's family.,0,0,1,negative,neutral
1.53e+18,https://x.com/elonmusk/status/1527736730178158597,@Shem_Infinite I only heard about it last month and was blown away,I only heard about it last month and was blown away,2,2,0,positive,negative
1.68e+18,https://x.com/elonmusk/status/1682964056615931904,@AIFutureDesign @TwitterMovies I wouldn’t wear pink if you put a gun to my head,I wouldn't wear pink if you put a gun to my head,0,0,1,negative,neutral
1.64e+18,https://x.com/elonmusk/status/1640503312146464768,@GAINNowAmerica Not having a massive short position against Tesla would be a step in the right direction!,Not having a massive short position against Tesla would be a step in the right direction!,2,2,1,positive,neutral
1.76e+18,https://x.com/elonmusk/status/1762146007385805300,"@zerohedge My guess is zero people get fired and they just fix the obvious stuff, while leaving the overall manipulation in place","My guess is zero people get fired and they just fix the obvious stuff, while leaving the overall manipulation in place",0,1,0,neutral,negative
1.69e+18,https://x.com/elonmusk/status/1685129287194558464,@alx _____ is a hell of a drug,___ is a hell of a drug,1,0,1,negative,neutral
1.65e+18,https://x.com/elonmusk/status/1650676341795090432,"@MuskUniversity Can’t shrink humans, so need big rocket","Can't shrink humans, so need big rocket",1,0,1,negative,neutral
1.77e+18,https://x.com/elonmusk/status/1773856964746805687,"@KettlebellDan People trash me all day. It’s fine. 

Mark Cuban is a 😢 baby.",People trash me all day. It's fine. Mark Cuban is a baby.,0,0,1,negative,neutral
1.55e+18,https://x.com/elonmusk/status/1547761081841397762,"@Erdayastronaut @SpaceX @Caspar_Stanley @IzanRamos2002 Enabling engines to take the heat without shrouds might save over 10 tons, all things considered.

Shrouds are also a risk in that fuel leaks could be contained by the shroud, forming a MOX bomb.

Booster is purging all 33 engine shrouds in flight to prevent this.","Enabling engines to take the heat without shrouds might save over 10 tons, all things considered. Shrouds are also a risk in that fuel leaks could be contained by the shroud, forming a MOX bomb. Booster is purging all 33 engine shrouds in flight to prevent this.",1,1,0,neutral,negative
9.52e+17,https://x.com/elonmusk/status/952049059291803648,@DanielleFong @YoungTreeGrower @TylerDoor @ID_AA_Carmack There aren’t even good normal parties in Silicon Valley!,There aren't even good normal parties in Silicon Valley!,0,0,2,negative,positive
1.91e+18,https://x.com/elonmusk/status/1910710839096545304,They just want to cheat,They just want to cheat,0,0,1,negative,neutral
9e+17,https://x.com/elonmusk/status/900376843210981376,"@KonstDubbed Yeah. It's kinda disgusting, but my boys and I love it :)","Yeah. It's kinda disgusting, but my boys and I love it :)",2,0,2,negative,positive
1.88e+18,https://x.com/elonmusk/status/1879534990297575474,@stillgray They’re running out of room to imprison people for social media posting,They're running out of room to imprison people for social media posting,0,0,1,negative,neutral
1.51e+18,https://x.com/elonmusk/status/1512944276983975936,Weather is fake. I seen Truman Show!,Weather is fake. I seen Truman Show!,1,0,1,negative,neutral
1.88e+18,https://x.com/elonmusk/status/1875576632326681099,"Legacy media dies a little more with each of their lies that is exposed. 

You are the media now.",Legacy media dies a little more with each of their lies that is exposed. You are the media now.,0,0,1,negative,neutral
1.67e+18,https://x.com/elonmusk/status/1670147972368330753,@ZubyMusic Ad-free version if you subscribe to Zuby!,Ad-free version if you subscribe to Zuby!,2,2,1,positive,neutral
1.69e+18,https://x.com/elonmusk/status/1687520435825745920,"The New York Times actually has the nerve to support calls for genocide! If ever there was a time to cancel that publication, it is now.

You can read their articles for free anyway using https://t.co/2NjvMTsWmj. https://t.co/ow11wxw7Ny","The New York Times actually has the nerve to support calls for genocide! If ever there was a time to cancel that publication, it is now. You can read their articles for free anyway using",0,0,1,negative,neutral
1.11e+18,https://x.com/elonmusk/status/1109895691587862528,"To be precise, midnight on April 1, so effective April 2","To be precise, midnight on April 1, so effective April 2",1,1,2,neutral,positive
1.87e+18,https://x.com/elonmusk/status/1870910663700390365,"I’d like to propose that Congress pass a “Save the Bureaucracy” bill, based on the premise that any given bill will do the opposite of its name 🤣🤣","I'd like to propose that Congress pass a ""Save the Bureaucracy"" bill, based on the premise that any given bill will do the opposite of its name",0,1,2,neutral,positive
1.28e+18,https://x.com/elonmusk/status/1282492573383184386,@MightyTesla @SamTalksTesla @ElonsWorld @Nikola_Truth @WholeMarsBlog @RenataKonkoly @stevenmarkryan @vincent13031925 @HyperChangeTV @TeslaPodcast Hell of a ride!,Hell of a ride!,2,2,1,positive,neutral
1.76e+18,https://x.com/elonmusk/status/1760323775768453481,"@RichardHanania Yeah, the legacy media is obsessed","Yeah, the legacy media is obsessed",0,0,1,negative,neutral
1.86e+18,https://x.com/elonmusk/status/1862337000411447422,"@pcgamer Who owns you?

PC Gamer used to be great, but turned into unreadable crap for several years.","Who owns you? PC Gamer used to be great, but turned into unreadable crap for several years.",0,0,1,negative,neutral
1.88e+18,https://x.com/elonmusk/status/1878550409851093287,We are going to position Cybertrucks with Starlinks and free WiFi in a grid pattern in the areas that most need it in the greater LA/Malibu area,We are going to position Cybertrucks with Starlinks and free WiFi in a grid pattern in the areas that most need it in the greater LA/Malibu area,2,1,2,neutral,positive
1.9e+18,https://x.com/elonmusk/status/1900858831237767246,"SpaceX will launch over 90% of all of Earth’s payload mass to orbit this year. 

China will be ~5% and rest of world, including rest of America, around 5%.

When Starship is launching at high rate, SpaceX will probably carry &gt;99% of Earth’s payload mass to orbit. This is","SpaceX will launch over 90% of all of Earth's payload mass to orbit this year. China will be ~5% and rest of world, including rest of America, around 5%. When Starship is launching at high rate, SpaceX will probably carry >99% of Earth's payload mass to orbit. This is",2,1,2,neutral,positive
1.76e+18,https://x.com/elonmusk/status/1761920119645818918,The main way legacy media lies is by controlling the narrative,The main way legacy media lies is by controlling the narrative,0,0,1,negative,neutral
1.86e+18,https://x.com/elonmusk/status/1864849107585560726,@alx He’s a tough negotiator 😂,He's a tough negotiator,1,1,0,neutral,negative
1.73e+18,https://x.com/elonmusk/status/1733237507431526635,@alifarhat79 I am told that there is no evidence that he ever visited the island,I am told that there is no evidence that he ever visited the island,1,0,1,negative,neutral
1.9e+18,https://x.com/elonmusk/status/1904370059532980540,@moment_mirthful @DOGE @SocialSecurity I’d like to meet them!,I'd like to meet them!,2,2,1,positive,neutral
1.86e+18,https://x.com/elonmusk/status/1861797386693353706,"This is undemocratic. The EU parliament should vote directly on matters, not give up authority to the EU commission.","This is undemocratic. The EU parliament should vote directly on matters, not give up authority to the EU commission.",0,0,1,negative,neutral
1.87e+18,https://x.com/elonmusk/status/1865880047912985087,@MikeBenzCyber The sheer magnitude and breadth of the scams in government are mind-blowing,The sheer magnitude and breadth of the scams in government are mind-blowing,0,0,1,negative,neutral
1.23e+18,https://x.com/elonmusk/status/1226920273753997316,@G_d_Photographr Sounds like we should open a Tesla Center there!,Sounds like we should open a Tesla Center there!,2,2,1,positive,neutral
1.89e+18,https://x.com/elonmusk/status/1886697613644218435,"@unusual_whales Should be called the “Shady Business Administration”. 

Only 8% of loans are paid back!","Should be called the ""Shady Business Administration"". Only 8% of loans are paid back!",0,0,1,negative,neutral
1.89e+18,https://x.com/elonmusk/status/1892615780119748881,@AdamLowisz @DefiyantlyFree There must be some solution that is not constant daily death of Ukrainian men in trenches,There must be some solution that is not constant daily death of Ukrainian men in trenches,0,0,1,negative,neutral
1.88e+18,https://x.com/elonmusk/status/1877220454349382140,@DefiyantlyFree She must be a genius,She must be a genius,2,2,1,positive,neutral
1.85e+18,https://x.com/elonmusk/status/1852362688325656884,Women are exceeding men in academia,Women are exceeding men in academia,2,2,1,positive,neutral
1.73e+18,https://x.com/elonmusk/status/1728213431201792492,@DanielleFong Context switching is the mindkiller,Context switching is the mindkiller,0,0,1,negative,neutral
1.89e+18,https://x.com/elonmusk/status/1888036647972774014,Exactly. Total madness!,Exactly. Total madness!,0,0,1,negative,neutral
1.64e+18,https://x.com/elonmusk/status/1641712856897839110,@nichegamer Really that good?,Really that good?,1,1,2,neutral,positive
1.84e+18,https://x.com/elonmusk/status/1844435192884416611,Google is controlled by far left activists,Google is controlled by far left activists,0,0,1,negative,neutral
1.62e+18,https://x.com/elonmusk/status/1618306035340709888,"@BretWeinstein Several aspects of For You recommendations were fixed last night. Team and were in the office past midnight.

You should see improvements, but we are continuing to monitor.","Several aspects of For You recommendations were fixed last night. Team and were in the office past midnight. You should see improvements, but we are continuing to monitor.",2,2,1,positive,neutral
1.85e+18,https://x.com/elonmusk/status/1848127009375113386,"If America falls, nothing else matters","If America falls, nothing else matters",0,0,1,negative,neutral
1.9e+18,https://x.com/elonmusk/status/1895257766815768940,@EricLDaugh Something fishy is going on,Something fishy is going on,0,0,1,negative,neutral
9.99e+17,https://x.com/elonmusk/status/999465692859527168,"Maybe the media credibility rating site should be called “You’re Right!”  I do actually own https://t.co/1JqqCF9inA, but for the moment I just have it automatically forward to Facebook News.","Maybe the media credibility rating site should be called ""You're Right!"" I do actually own but for the moment I just have it automatically forward to Facebook News.",1,1,2,neutral,positive
1.4e+18,https://x.com/elonmusk/status/1404330986951766021,@DELTA_V @spacex360 So much more is needed for life to become multiplanetary,So much more is needed for life to become multiplanetary,1,1,0,neutral,negative
1.62e+18,https://x.com/elonmusk/status/1616570445226180623,@ezralevant Power to the people!,Power to the people!,2,2,1,positive,neutral
1.68e+18,https://x.com/elonmusk/status/1677356061546749957,"@shellenberger With the exception of this platform, large social media companies gladly engage in heavy censorship","With the exception of this platform, large social media companies gladly engage in heavy censorship",0,0,1,negative,neutral
1.81e+18,https://x.com/elonmusk/status/1809377894571077842,"When is there not one – just one – even *attempted* prosecution of that Epstein (Bill Gates &amp; Reid Hoffman come to mind)
client list. 

Either FBI does their duty or the case for an entire departmental reset or abolishment is strong.",When is there not one – just one – even *attempted* prosecution of that Epstein (Bill Gates & Reid Hoffman come to mind) client list. Either FBI does their duty or the case for an entire departmental reset or abolishment is strong.,0,0,1,negative,neutral
1.65e+18,https://x.com/elonmusk/status/1653567634657656832,@Damadeferroofic These guys? https://t.co/qLxjXDObGH,These guys?,1,1,2,neutral,positive
1.8e+18,https://x.com/elonmusk/status/1797286297960165863,I love monuments to hubris,I love monuments to hubris,2,0,2,negative,positive
1.79e+18,https://x.com/elonmusk/status/1787516961074930002,"@EndWokeness @camhigby Wow, she is proudly racist!!","Wow, she is proudly racist!!",0,0,2,negative,positive
1.16e+18,https://x.com/elonmusk/status/1157954787926773760,@banQuo__ Mad skillz,Mad skillz,2,2,0,positive,negative
1.21e+18,https://x.com/elonmusk/status/1211232157370404864,"@RationalEtienne @EvaFoxU @amargosavalley That might have something to do with it. “Stalin: Court of the Red Tsar” was one of the few books so dark I had to stop reading. If only they’d listened to Lenin’s last wish, much tragedy may have been averted.","That might have something to do with it. ""Stalin: Court of the Red Tsar"" was one of the few books so dark I had to stop reading. If only they'd listened to Lenin's last wish, much tragedy may have been averted.",1,0,1,negative,neutral
1.12e+18,https://x.com/elonmusk/status/1117563769159286784,Winter is coming,Winter is coming,1,1,2,neutral,positive
1.65e+18,https://x.com/elonmusk/status/1645589870100840449,@amuse @96hoya Downtown SF looks like a zombie apocalypse. People who’ve not been there have no idea.,Downtown SF looks like a zombie apocalypse. People who've not been there have no idea.,0,0,1,negative,neutral
1.25e+18,https://x.com/elonmusk/status/1247049621374930951,@archillect Like tears in rain,Like tears in rain,1,0,1,negative,neutral
1.22e+18,https://x.com/elonmusk/status/1217995711196778497,@jameslin123321 @Erdayastronaut Helping to pay for this is why I’m accumulating assets on Earth.,Helping to pay for this is why I'm accumulating assets on Earth.,1,1,0,neutral,negative
1.87e+18,https://x.com/elonmusk/status/1873971592096866511,@techiedani The brutal reality of the situation will hit like a tsunami towards the end of next year,The brutal reality of the situation will hit like a tsunami towards the end of next year,0,0,1,negative,neutral
1.46e+18,https://x.com/elonmusk/status/1457083243933601802,@Rainmaker1973 Tesla Autopilot spends a lot of effort on minimizing jerk,Tesla Autopilot spends a lot of effort on minimizing jerk,1,1,0,neutral,negative
1.77e+18,https://x.com/elonmusk/status/1773934659287605651,@pmarca Expansion of consciousness in all its forms,Expansion of consciousness in all its forms,2,2,1,positive,neutral
1.79e+18,https://x.com/elonmusk/status/1785235408948756923,@DavidSacks The Forever War,The Forever War,0,1,0,neutral,negative
1.91e+18,https://x.com/elonmusk/status/1910092373981630862,SuperGrok is free for students,SuperGrok is free for students,2,2,1,positive,neutral
1.87e+18,https://x.com/elonmusk/status/1874582546283172251,@robbystarbuck @X @premium Seems to be a bug. Please post screenshots. X just has a small crew working on Jan 1.,Seems to be a bug. Please post screenshots. X just has a small crew working on Jan 1.,1,0,1,negative,neutral
1.57e+18,https://x.com/elonmusk/status/1565884647950626816,@heydave7 Moody’s is irrelevant,Moody's is irrelevant,0,0,1,negative,neutral
1.33e+18,https://x.com/elonmusk/status/1329448467161370638,@Suvitruf @archillect Haha sexy cropping champion of all time,Haha sexy cropping champion of all time,2,2,1,positive,neutral
1.7e+18,https://x.com/elonmusk/status/1704448737639018822,@stclairashley This would be next-level absurd. I’m not building a house of any kind anywhere.,This would be next-level absurd. I'm not building a house of any kind anywhere.,0,0,1,negative,neutral
1.67e+18,https://x.com/elonmusk/status/1671362974072688644,"@Kristennetten To the computer, everything is in slow motion","To the computer, everything is in slow motion",1,1,0,neutral,negative
8.28e+17,https://x.com/elonmusk/status/828284048103579648,@humplik The remedy for that is changing the law,The remedy for that is changing the law,1,0,1,negative,neutral
1.53e+18,https://x.com/elonmusk/status/1531696049064116225,@PinballReed @crikey_news @ummjackson @cameronwilson And Palmer always forgets to mention that he never wrote a single line of Dogecoin code …,And Palmer always forgets to mention that he never wrote a single line of Dogecoin code …,0,0,1,negative,neutral
1.66e+18,https://x.com/elonmusk/status/1657570459502649344,@KanekoaTheGreat Covid Cult Culture,Covid Cult Culture,0,0,1,negative,neutral
1.48e+18,https://x.com/elonmusk/status/1482598301694238723,So informative https://t.co/rTktvhYukK,So informative,2,2,0,positive,negative
1.63e+18,https://x.com/elonmusk/status/1632186257659838467,@pmarca People who throw the disinformation word around constantly are almost certainly guilty of engaging in it,People who throw the disinformation word around constantly are almost certainly guilty of engaging in it,0,0,1,negative,neutral
1.59e+18,https://x.com/elonmusk/status/1591849723304071168,@People4Bernie @SenMarkey @washingtonpost Are you suggesting the Senator will abuse his political power to attack me?,Are you suggesting the Senator will abuse his political power to attack me?,0,0,1,negative,neutral
1.54e+17,https://x.com/elonmusk/status/153519464653127680,"@FareedZakaria However, China's real estate crisis will explode in a way that makes ours look puny. They can't hide it for much longer.","However, China's real estate crisis will explode in a way that makes ours look puny. They can't hide it for much longer.",0,0,2,negative,positive
1.83e+18,https://x.com/elonmusk/status/1831934583354609839,@lexfridman There is 0.0% chance of a Dem administration doing anything except increasing the size of government,There is 0.0% chance of a Dem administration doing anything except increasing the size of government,0,0,1,negative,neutral
1.01e+18,https://x.com/elonmusk/status/1005900081793359872,@Caio_1999_ @LanceUlanoff Not recommended for urban environments,Not recommended for urban environments,0,0,1,negative,neutral
1.6e+18,https://x.com/elonmusk/status/1599325924431798272,Anything anyone says will be used against me in a court of law,Anything anyone says will be used against me in a court of law,0,0,1,negative,neutral
1.11e+18,https://x.com/elonmusk/status/1109901209446416385,"@andrewmackenzie Every car company is constantly changing prices, but nobody cares","Every car company is constantly changing prices, but nobody cares",1,0,1,negative,neutral
1.76e+18,https://x.com/elonmusk/status/1764055153995309256,"@RandPaul We at least need to know where exactly the money is going and what the exit strategy is.

Either way, government spending is out of control.","We at least need to know where exactly the money is going and what the exit strategy is. Either way, government spending is out of control.",0,0,1,negative,neutral
1.87e+18,https://x.com/elonmusk/status/1873936504520925233,@teslaownersSV It just literally is,It just literally is,1,1,0,neutral,negative
1.32e+18,https://x.com/elonmusk/status/1319059307804045316,"@WholeMarsBlog Not intentional! We just wanted to show that you could theoretically convert the entire US vehicle fleet to electric using only the lithium in Nevada, a single state. Tesla will do lithium mining only as needed. We also found a way to extract lithium using NaCl (table salt).","Not intentional! We just wanted to show that you could theoretically convert the entire US vehicle fleet to electric using only the lithium in Nevada, a single state. Tesla will do lithium mining only as needed. We also found a way to extract lithium using NaCl (table salt).",2,1,0,neutral,negative
1.47e+18,https://x.com/elonmusk/status/1465761470147346435,"@GerberKawasaki We had to shift some Starlink satellite orbits to reduce probability of collision. Not great, but not terrible either.

Station &amp; Dragon have micrometeorite shields (ultra high velocity impact absorption), but EVA suits do not, hence higher risk for spacewalk.","We had to shift some Starlink satellite orbits to reduce probability of collision. Not great, but not terrible either. Station & Dragon have micrometeorite shields (ultra high velocity impact absorption), but EVA suits do not, hence higher risk for spacewalk.",1,0,1,negative,neutral
8.28e+17,https://x.com/elonmusk/status/828314791819218944,@camdtor @trylks Almost ready,Almost ready,1,2,1,positive,neutral
8.73e+17,https://x.com/elonmusk/status/873306583983247360,"@RITSPEX @ID_AA_Carmack @mmeijeri Slow at first, then very fast. Def not hover.","Slow at first, then very fast. Def not hover.",1,1,0,neutral,negative
1.74e+18,https://x.com/elonmusk/status/1744780200045384116,"@jacksonhinklle @qassam2024 Hamas was calling for the extinction of Israel and, unlike Iran which does the same, are not recognized as leaders of a country by the UN","Hamas was calling for the extinction of Israel and, unlike Iran which does the same, are not recognized as leaders of a country by the UN",0,0,1,negative,neutral
1.2e+18,https://x.com/elonmusk/status/1197987290317914112,@reecethesaxman We threw same steel ball at same window several times right before event &amp; didn’t even scratch the glass!,We threw same steel ball at same window several times right before event & didn't even scratch the glass!,2,1,0,neutral,negative
