id,url,fullText,clean_txt,label,finetuned_roberta_pred,naive_bayes_pred,finetuned_roberta_pred_label,naive_bayes_pred_label
1.74e+18,https://x.com/elonmusk/status/1738274350921306519,"@SergiXPlaid @SmallPettingZoo Photons in, motor commands out","Photons in, motor commands out",1,1,0,neutral,negative
1.7e+18,https://x.com/elonmusk/status/1700795854729232671,Aka opening your email https://t.co/QKe4aButYQ,Aka opening your email,1,1,2,neutral,positive
7.89e+17,https://x.com/elonmusk/status/789008557341454336,@vicentes latest autonomous hardware allows for easy computer upgrade,latest autonomous hardware allows for easy computer upgrade,2,2,1,positive,neutral
1.67e+18,https://x.com/elonmusk/status/1672682292584628224,@stclairashley The “pull out” method,"The ""pull out"" method",1,1,2,neutral,positive
1.82e+18,https://x.com/elonmusk/status/1822529113007292522,"@WallStreetSilv Tragically, this is too often true","Tragically, this is too often true",0,0,2,negative,positive
1.41e+18,https://x.com/elonmusk/status/1408545456746020866,"@marcodzo @Tesla Sometimes people think it is performance, but safety is always the primary design requirement for a Tesla","Sometimes people think it is performance, but safety is always the primary design requirement for a Tesla",2,1,2,neutral,positive
1.53e+18,https://x.com/elonmusk/status/1527733001584623618,Sus man,Sus man,1,1,0,neutral,negative
1.87e+18,https://x.com/elonmusk/status/1867382157078868416,Your Tesla can now drive you from your house in one complex city to another house in a different complex city,Your Tesla can now drive you from your house in one complex city to another house in a different complex city,1,1,0,neutral,negative
1.9e+18,https://x.com/elonmusk/status/1898946634383269898,"@CollinRugg This is so crazy! Let the man keep his treehouse. It looks cool. 

Also, vote Republican for smaller government, so this bs stops happening!","This is so crazy! Let the man keep his treehouse. It looks cool. Also, vote Republican for smaller government, so this bs stops happening!",2,1,2,neutral,positive
1.77e+18,https://x.com/elonmusk/status/1769216436273021439,"@WallStreetSilv Yeah, we dodged a lemon 🍋 for sure 😂

He is a beyond entitled and his show is unwatchable.","Yeah, we dodged a lemon for sure He is a beyond entitled and his show is unwatchable.",1,0,2,negative,positive
1.78e+18,https://x.com/elonmusk/status/1780376546148327690,"@WholeMarsBlog Not quite betting the company, but going balls to the wall for autonomy is a blindingly obvious move. 

Everything else is like variations on a horse carriage.","Not quite betting the company, but going balls to the wall for autonomy is a blindingly obvious move. Everything else is like variations on a horse carriage.",1,1,0,neutral,negative
1.23e+18,https://x.com/elonmusk/status/1230439298874343424,"High bay for stacking Starship engine bay, propellant tanks &amp; fairing (fka nosecone) sections is almost done! https://t.co/G9h0430ns2","High bay for stacking Starship engine bay, propellant tanks & fairing (fka nosecone) sections is almost done!",1,1,0,neutral,negative
1.23e+18,https://x.com/elonmusk/status/1230367034397077504,@tesletter In the order that they were written,In the order that they were written,2,1,0,neutral,negative
1.45e+18,https://x.com/elonmusk/status/1454610032679600129,"@hsumacher @Tesla Indeed. The factory was empty at the time, stripped of all equipment that wasn’t worth even its scrap value. But we salvaged what was left &amp; fixed up the old machines so some could work again.","Indeed. The factory was empty at the time, stripped of all equipment that wasn't worth even its scrap value. But we salvaged what was left & fixed up the old machines so some could work again.",0,1,2,neutral,positive
1.25e+18,https://x.com/elonmusk/status/1251386583846023171,"@tobyliiiiiiiiii @MichaelCanary02 @Erdayastronaut @dwesterster No, as the header tanks are quite small relative to main (~30 tons vs 1200 tons). Only uses very tip of the nose.","No, as the header tanks are quite small relative to main (~30 tons vs 1200 tons). Only uses very tip of the nose.",2,1,0,neutral,negative
1.44e+18,https://x.com/elonmusk/status/1437203967902167045,@PPathole They are … not yet friends,They are … not yet friends,2,1,0,neutral,negative
1.69e+18,https://x.com/elonmusk/status/1686623633978904576,@MuskUniversity Critical thinking should be the first thing we teach kids,Critical thinking should be the first thing we teach kids,1,2,1,positive,neutral
1.86e+18,https://x.com/elonmusk/status/1856349325896392787,Becoming multiplanetary will greatly increase the lifespan of our civilization and it is the critical next step to becoming multistellar,Becoming multiplanetary will greatly increase the lifespan of our civilization and it is the critical next step to becoming multistellar,1,2,0,positive,negative
1.65e+18,https://x.com/elonmusk/status/1646705367953608704,@BillyM2k App update needed,App update needed,2,1,2,neutral,positive
1.68e+18,https://x.com/elonmusk/status/1680360251810349056,@BillyM2k We are working on it. High priority.,We are working on it. High priority.,2,2,1,positive,neutral
1.82e+18,https://x.com/elonmusk/status/1818999906549350663,True or let her deny it,True or let her deny it,2,1,2,neutral,positive
1.37e+18,https://x.com/elonmusk/status/1367213114228318209,Launch abort on slightly conservative high thrust limit. Increasing thrust limit &amp; recycling propellant for another flight attempt today.,Launch abort on slightly conservative high thrust limit. Increasing thrust limit & recycling propellant for another flight attempt today.,1,1,0,neutral,negative
1.76e+18,https://x.com/elonmusk/status/1759144877567205570,"Tesla generative video from last year
 https://t.co/s5ZodFigYe",Tesla generative video from last year,1,1,2,neutral,positive
1.17e+18,https://x.com/elonmusk/status/1173877884085161984,"@bonnienorman @Model3Owners They’re available through the app, but we need to make them easier to find","They're available through the app, but we need to make them easier to find",1,1,2,neutral,positive
1.8e+18,https://x.com/elonmusk/status/1799120923716354252,"Another Falcon 9 launch! 

Falcon alone is trending to set a world record for the most amount of mass Earth delivers to orbit in a year.",Another Falcon 9 launch! Falcon alone is trending to set a world record for the most amount of mass Earth delivers to orbit in a year.,2,1,2,neutral,positive
1.76e+18,https://x.com/elonmusk/status/1764891422556123525,"@Mihonarium Maybe we are just a CSV file on an alien computer. 

What the odds that this reality is base CSV?",Maybe we are just a CSV file on an alien computer. What the odds that this reality is base CSV?,1,1,0,neutral,negative
1.7e+18,https://x.com/elonmusk/status/1703325625283727504,@cremieuxrecueil Important to stay that way,Important to stay that way,2,1,2,neutral,positive
1.87e+18,https://x.com/elonmusk/status/1870201697601011922,"Obviously NOT “far-right”!

Just common sense policies.","Obviously NOT ""far-right""! Just common sense policies.",0,1,0,neutral,negative
1.85e+18,https://x.com/elonmusk/status/1853071386425651582,She wants to break the Constitution,She wants to break the Constitution,0,0,1,negative,neutral
1.25e+18,https://x.com/elonmusk/status/1253834922969763842,Mythic Quest is 🤣🤣 MTTD,Mythic Quest is MTTD,1,1,2,neutral,positive
1.88e+18,https://x.com/elonmusk/status/1884312495097323743,"Live broadcast from The @WhiteHouse. 

You can now rewind live broadcasts to catch up. 

 https://t.co/YwZYM5DqOm",Live broadcast from The . You can now rewind live broadcasts to catch up.,1,1,0,neutral,negative
1.84e+18,https://x.com/elonmusk/status/1842039975107285500,@pmarca @robkhenderson That cycle has happened so many times,That cycle has happened so many times,1,1,0,neutral,negative
1.65e+18,https://x.com/elonmusk/status/1646953102778552320,@all_in_tok @SFGovTV @theallinpod @DavidSacks @Jason Exactly. Take a walk through downtown around Twitter HQ. Outrageous that city officials would claim that it is not dangerous!,Exactly. Take a walk through downtown around Twitter HQ. Outrageous that city officials would claim that it is not dangerous!,0,0,1,negative,neutral
1.82e+18,https://x.com/elonmusk/status/1823743685093208169,@TrungTPhan BIG CANDY,BIG CANDY,2,1,2,neutral,positive
1.05e+18,https://x.com/elonmusk/status/1050792830732394496,Visual approximation https://t.co/sMn3Pv476Y,Visual approximation,1,1,2,neutral,positive
1.68e+18,https://x.com/elonmusk/status/1679675138235830272,@JuwonTheTechie @Twitter I gave my share to the creator payout pool,I gave my share to the creator payout pool,1,1,2,neutral,positive
1.71e+18,https://x.com/elonmusk/status/1708663139070251296,@astro_greek They had to let that sink in. Impossible not to.,They had to let that sink in. Impossible not to.,1,1,0,neutral,negative
6.57e+17,https://x.com/elonmusk/status/656971573337944065,"@ryybuzz we won't be, but yes","we won't be, but yes",1,1,0,neutral,negative
1.58e+18,https://x.com/elonmusk/status/1580600379074523136,"@leehumerian Starlink requires nothing except ~50 Watt power source. With a small solar system plus battery or a generator, you will have connectivity anywhere.","Starlink requires nothing except ~50 Watt power source. With a small solar system plus battery or a generator, you will have connectivity anywhere.",2,1,0,neutral,negative
1.75e+18,https://x.com/elonmusk/status/1753558150983082216,@PlanetOfMemes The contempt he showed for America is galling,The contempt he showed for America is galling,0,0,2,negative,positive
1.85e+18,https://x.com/elonmusk/status/1849714158113259968,"@elon_docs Some of the war records of my grandfather (Walter Henry James Musk) can be found on the Internet these days.

He met my English grandmother (Cora Amelia Robinson) when he was transferred to British Intelligence towards the end of the war. https://t.co/cMYiICyWa6",Some of the war records of my grandfather (Walter Henry James Musk) can be found on the Internet these days. He met my English grandmother (Cora Amelia Robinson) when he was transferred to British Intelligence towards the end of the war.,1,1,0,neutral,negative
1.87e+18,https://x.com/elonmusk/status/1869918113052885470,@WallStreetMav What percentage of the government is even working a week before Christmas anyway? My guess is very low.,What percentage of the government is even working a week before Christmas anyway? My guess is very low.,1,0,1,negative,neutral
1.78e+18,https://x.com/elonmusk/status/1784785885416067521,"@MuskBreaking Thanks George ❤️ 

We redirected everyone who wasn’t building cars to delivering cars – legal, finance, HR, designers, everyone. I personally delivered many cars. 

Tesla was out of cash, so it was a case of deliver or die. The team delivered.","Thanks George ️ We redirected everyone who wasn't building cars to delivering cars – legal, finance, HR, designers, everyone. I personally delivered many cars. Tesla was out of cash, so it was a case of deliver or die. The team delivered.",2,1,2,neutral,positive
1.89e+18,https://x.com/elonmusk/status/1890526446583419357,@WesleyHuntTX They call everyone they don’t like a Nazi,They call everyone they don't like a Nazi,0,0,1,negative,neutral
1.82e+18,https://x.com/elonmusk/status/1824576240616898594,"@cb_doge Grok Mini is best for most queries. 

Full Grok is best used for complex questions.",Grok Mini is best for most queries. Full Grok is best used for complex questions.,1,1,2,neutral,positive
1.25e+18,https://x.com/elonmusk/status/1253373112202211329,"@teslaownersSV @TOGregTO Side camera view looks a little weird, as meant for self-driving, but will review with team. Image will need a little post-processing.","Side camera view looks a little weird, as meant for self-driving, but will review with team. Image will need a little post-processing.",1,0,1,negative,neutral
1.78e+18,https://x.com/elonmusk/status/1780370067987009711,"Legacy media simply can’t compete with hundreds of millions of humans providing real-time, AI-assisted, interactive information","Legacy media simply can't compete with hundreds of millions of humans providing real-time, AI-assisted, interactive information",0,1,2,neutral,positive
1.79e+18,https://x.com/elonmusk/status/1786436088875077772,@MarioNawfal White House book burning,White House book burning,0,1,2,neutral,positive
1.45e+18,https://x.com/elonmusk/status/1446402077014515718,Sorry if we’ve been too dumb to respond to you. Please cite evidence of exceptional ability in a few bullet points. Nothing else matters.,Sorry if we've been too dumb to respond to you. Please cite evidence of exceptional ability in a few bullet points. Nothing else matters.,0,0,1,negative,neutral
1.69e+18,https://x.com/elonmusk/status/1694112544342913533,@PrinceVogel He is now in logo heaven,He is now in logo heaven,1,1,2,neutral,positive
1.66e+18,https://x.com/elonmusk/status/1657204060334989312,"@zerohedge So you’re saying there’s a chance we make it? Yesss 💪!!
https://t.co/9aMviVhLMD",So you're saying there's a chance we make it? Yesss !!,2,2,0,positive,negative
1.81e+18,https://x.com/elonmusk/status/1811783320839008381,"The European Commission offered 𝕏 an illegal secret deal: if we quietly censored speech without telling anyone, they would not fine us. 

The other platforms accepted that deal. 

𝕏 did not.","The European Commission offered 𝕏 an illegal secret deal: if we quietly censored speech without telling anyone, they would not fine us. The other platforms accepted that deal. 𝕏 did not.",0,1,0,neutral,negative
1.88e+18,https://x.com/elonmusk/status/1876891493014569426,"@JustinTrudeau Girl, you’re not the governor of Canada anymore, so doesn’t matter what you say","Girl, you're not the governor of Canada anymore, so doesn't matter what you say",0,1,0,neutral,negative
9.7e+17,https://x.com/elonmusk/status/970088614183845888,@ToddBourne @Tesla Almost done,Almost done,1,1,2,neutral,positive
1.83e+18,https://x.com/elonmusk/status/1831535647279943914,They should take you up on the offer. You are super fair.,They should take you up on the offer. You are super fair.,2,2,1,positive,neutral
1.7e+18,https://x.com/elonmusk/status/1702285560541331532,"@dwr 🤣

What is up with the press!?

They seem to be extra sour these days. https://t.co/y8dcWSBAux",What is up with the press!? They seem to be extra sour these days.,0,0,1,negative,neutral
1.63e+18,https://x.com/elonmusk/status/1625580694494928897,"@WallStreetSilv Low birth rates lead to ghost cities and, eventually, ghost civilizations","Low birth rates lead to ghost cities and, eventually, ghost civilizations",0,0,2,negative,positive
1.05e+18,https://x.com/elonmusk/status/1045828553751711746,That was intense,That was intense,1,2,0,positive,negative
1.53e+18,https://x.com/elonmusk/status/1529631588417421312,"@teslaownersSV @RyanGirdusky @GoodPoliticGuy If birth rates remain unchanged, South Korea will be ~6% of its current population in three generations, with a majority of people over age 60","If birth rates remain unchanged, South Korea will be ~6% of its current population in three generations, with a majority of people over age 60",0,1,2,neutral,positive
1.91e+18,https://x.com/elonmusk/status/1905292428010979412,She should be fired immediately,She should be fired immediately,0,0,1,negative,neutral
1.47e+18,https://x.com/elonmusk/status/1469006861588434959,@_rykllan @SpaceX @FelixSchlang @MarcusHouse @Erdayastronaut @bluemoondance74 @NextHorizonsSF Rocket fleets grows,Rocket fleets grows,2,1,2,neutral,positive
1.84e+18,https://x.com/elonmusk/status/1841345939061215430,"Also, common sense. 

People need to live somewhere, so unless they move to a town with a lot of extra houses (true in some places, but not all places in America), there will be upward pressure on house prices proportionate to the influx of people.","Also, common sense. People need to live somewhere, so unless they move to a town with a lot of extra houses (true in some places, but not all places in America), there will be upward pressure on house prices proportionate to the influx of people.",1,1,0,neutral,negative
9.45e+17,https://x.com/elonmusk/status/944710976930070528,"46k limited edition boring hats sold, 4K to go. Then flamethrower.","46k limited edition boring hats sold, 4K to go. Then flamethrower.",2,1,0,neutral,negative
1.82e+18,https://x.com/elonmusk/status/1824897175391735997,"@dvorahfr I’d like to say that it’s always a strength, but there are important exceptions:

1. When empathy towards immigrants who have antithetical and intransigent beliefs leads to civilizational suicide.

2. When there is too much empathy for violent criminals, rather than their","I'd like to say that it's always a strength, but there are important exceptions: 1. When empathy towards immigrants who have antithetical and intransigent beliefs leads to civilizational suicide. 2. When there is too much empathy for violent criminals, rather than their",0,1,0,neutral,negative
9.99e+17,https://x.com/elonmusk/status/999361510915768320,@jaspar Oh hey another sanctimonious media person who thinks he’s above criticism. Try being truthful &amp; the public will believe you again.,Oh hey another sanctimonious media person who thinks he's above criticism. Try being truthful & the public will believe you again.,0,1,0,neutral,negative
1.66e+18,https://x.com/elonmusk/status/1661035071552344066,"@PeterDiamandis Write it on Twitter! 

Our algorithm automatically gives higher preference for posts which have the most cumulative user-seconds, so native content will be recommended much more than links outside of Twitter.","Write it on Twitter! Our algorithm automatically gives higher preference for posts which have the most cumulative user-seconds, so native content will be recommended much more than links outside of Twitter.",2,1,2,neutral,positive
1.63e+18,https://x.com/elonmusk/status/1630654820565614593,"@Erdayastronaut Raptor start is now reliable on the test stand under most conditions. 

Now we’re working on dynamically adapting the start sequence based on increasingly difficult propellant inlet pressures &amp; temps. 

Operating with low pressure, “warm” liquid oxygen is particularly important.","Raptor start is now reliable on the test stand under most conditions. Now we're working on dynamically adapting the start sequence based on increasingly difficult propellant inlet pressures & temps. Operating with low pressure, ""warm"" liquid oxygen is particularly important.",2,1,0,neutral,negative
1.73e+18,https://x.com/elonmusk/status/1732294278448132424,"@EndWokeness There is only so much hotel space, then what?","There is only so much hotel space, then what?",0,1,0,neutral,negative
1.74e+18,https://x.com/elonmusk/status/1736303967213068562,Create a Community on 𝕏!,Create a Community on 𝕏!,2,1,0,neutral,negative
1.86e+18,https://x.com/elonmusk/status/1859769034147024994,"@ByronYork 💯

Biden said he would open the border before he became President and then he did what he said he would do!",Biden said he would open the border before he became President and then he did what he said he would do!,1,1,2,neutral,positive
1.87e+18,https://x.com/elonmusk/status/1867748874003120293,100th rocket landing this year,100th rocket landing this year,2,1,2,neutral,positive
1.08e+18,https://x.com/elonmusk/status/1081576707365064704,"Starship test vehicle under assembly will look similar to this illustration when finished. Operational Starships would obv have windows, etc. https://t.co/D8AJ01mjyR","Starship test vehicle under assembly will look similar to this illustration when finished. Operational Starships would obv have windows, etc.",1,1,0,neutral,negative
1.75e+18,https://x.com/elonmusk/status/1750368096945070474,And he did https://t.co/AZVkmSFiqj,And he did,1,1,0,neutral,negative
1.76e+18,https://x.com/elonmusk/status/1764999198624092368,"@dogeofficialceo I’m ready to fight Zuck anywhere, anytime with any rules. LFG!!!","I'm ready to fight Zuck anywhere, anytime with any rules. LFG!!!",2,1,0,neutral,negative
1.33e+18,https://x.com/elonmusk/status/1329206361469710336,@shifthappends @Tesla A lot of my brain space is spent dealing with both units!,A lot of my brain space is spent dealing with both units!,1,1,0,neutral,negative
1.33e+18,https://x.com/elonmusk/status/1331391132367015937,@flcnhvy @thesheetztweetz Major upgrades are slated for SN15,Major upgrades are slated for SN15,2,1,0,neutral,negative
1.68e+18,https://x.com/elonmusk/status/1682962207405948929,"@waxingarcane There are limits, but yes","There are limits, but yes",1,1,0,neutral,negative
1.88e+18,https://x.com/elonmusk/status/1878281096279867606,"Swords were the guns of the Middle Ages. 

And don’t even get me started on crossbows!

 https://t.co/usInl3QQp2",Swords were the guns of the Middle Ages. And don't even get me started on crossbows!,1,1,0,neutral,negative
1.77e+18,https://x.com/elonmusk/status/1772339467002482904,@libsoftiktok When will this madness stop!?,When will this madness stop!?,0,0,1,negative,neutral
1.45e+18,https://x.com/elonmusk/status/1446535128545693699,@LifeofMikej @TeslaOwnersBC @DriveTeslaca @Tesla @Teslarati There are many small joys as you explore the car &amp; more to come via software updates,There are many small joys as you explore the car & more to come via software updates,2,2,0,positive,negative
1.01e+18,https://x.com/elonmusk/status/1012604447552204805,"@JaneidyEve Everything is sentient, especially sentience","Everything is sentient, especially sentience",1,1,2,neutral,positive
1.39e+18,https://x.com/elonmusk/status/1385106006141587459,"@ValaAfshar Very important. Most people don’t know this. Wind is also super cheap, especially when paired with batteries.","Very important. Most people don't know this. Wind is also super cheap, especially when paired with batteries.",2,2,1,positive,neutral
1.75e+18,https://x.com/elonmusk/status/1753193317687308342,This could have been your family. It was someone’s family.,This could have been your family. It was someone's family.,0,1,2,neutral,positive
1.53e+18,https://x.com/elonmusk/status/1527736730178158597,@Shem_Infinite I only heard about it last month and was blown away,I only heard about it last month and was blown away,2,2,0,positive,negative
1.64e+18,https://x.com/elonmusk/status/1640503312146464768,@GAINNowAmerica Not having a massive short position against Tesla would be a step in the right direction!,Not having a massive short position against Tesla would be a step in the right direction!,2,2,0,positive,negative
2.3e+17,https://x.com/elonmusk/status/230490756966662144,"@dansitu Don't know about ""dark manipulators"", but Adbusters played a major role in creating Occupy http://t.co/fZ38XMeH","Don't know about ""dark manipulators"", but Adbusters played a major role in creating Occupy",1,1,0,neutral,negative
1.63e+18,https://x.com/elonmusk/status/1632795933741129728,@jordanbpeterson Idiocracy is happening so fast,Idiocracy is happening so fast,0,1,0,neutral,negative
1.87e+18,https://x.com/elonmusk/status/1868964350305960426,She should sing her verdicts,She should sing her verdicts,1,1,2,neutral,positive
1.13e+18,https://x.com/elonmusk/status/1129940276745609219,Also porting Unreal Engine,Also porting Unreal Engine,1,1,0,neutral,negative
9.99e+17,https://x.com/elonmusk/status/999010167793504256,"@ericbrownzzz @dmatkins137 @ShayneRarma @NASA But ya know what, let’s test that theory. Maybe we do want UAW back, even tho UAW betrayed us 8 years ago &amp; left us here to rot. Maybe we want UAW back even tho injury rate today is 1/2 what it was with them &amp; wages were lower. Maybe. Let’s hold a vote &amp; find out.","But ya know what, let's test that theory. Maybe we do want UAW back, even tho UAW betrayed us 8 years ago & left us here to rot. Maybe we want UAW back even tho injury rate today is 1/2 what it was with them & wages were lower. Maybe. Let's hold a vote & find out.",0,0,1,negative,neutral
1.34e+18,https://x.com/elonmusk/status/1337559580801425409,"@ErcXspace @SpaceX Ship leeward side will be bare metal, windward will have black, hexagonal heat shield tiles","Ship leeward side will be bare metal, windward will have black, hexagonal heat shield tiles",1,1,0,neutral,negative
1.18e+18,https://x.com/elonmusk/status/1176588054670323713,@HarryStoltz1 @justpaulinelol @Teslarati Turbo Pascal,Turbo Pascal,1,1,0,neutral,negative
1.77e+18,https://x.com/elonmusk/status/1773856964746805687,"@KettlebellDan People trash me all day. It’s fine. 

Mark Cuban is a 😢 baby.",People trash me all day. It's fine. Mark Cuban is a baby.,0,1,2,neutral,positive
1.55e+18,https://x.com/elonmusk/status/1547761081841397762,"@Erdayastronaut @SpaceX @Caspar_Stanley @IzanRamos2002 Enabling engines to take the heat without shrouds might save over 10 tons, all things considered.

Shrouds are also a risk in that fuel leaks could be contained by the shroud, forming a MOX bomb.

Booster is purging all 33 engine shrouds in flight to prevent this.","Enabling engines to take the heat without shrouds might save over 10 tons, all things considered. Shrouds are also a risk in that fuel leaks could be contained by the shroud, forming a MOX bomb. Booster is purging all 33 engine shrouds in flight to prevent this.",1,1,0,neutral,negative
9.52e+17,https://x.com/elonmusk/status/952049059291803648,@DanielleFong @YoungTreeGrower @TylerDoor @ID_AA_Carmack There aren’t even good normal parties in Silicon Valley!,There aren't even good normal parties in Silicon Valley!,0,0,2,negative,positive
9e+17,https://x.com/elonmusk/status/900376843210981376,"@KonstDubbed Yeah. It's kinda disgusting, but my boys and I love it :)","Yeah. It's kinda disgusting, but my boys and I love it :)",2,1,0,neutral,negative
1.88e+18,https://x.com/elonmusk/status/1879534990297575474,@stillgray They’re running out of room to imprison people for social media posting,They're running out of room to imprison people for social media posting,0,0,1,negative,neutral
1.6e+18,https://x.com/elonmusk/status/1598064202400534528,@jhall Cancel culture needs to be canceled!!,Cancel culture needs to be canceled!!,0,1,0,neutral,negative
1.58e+18,https://x.com/elonmusk/status/1577732106784051214,"@KonstantinKisin I do not think it is simple at all, but I have yet to hear any realistic path to peace.

Ukraine has achieved many brilliant tactical victories, but should be wary of overconfidence leading to strategic defeat.

When Russia fully mobilizes, millions on both sides will die.","I do not think it is simple at all, but I have yet to hear any realistic path to peace. Ukraine has achieved many brilliant tactical victories, but should be wary of overconfidence leading to strategic defeat. When Russia fully mobilizes, millions on both sides will die.",0,1,0,neutral,negative
1.68e+18,https://x.com/elonmusk/status/1681095483173883905,"@levie This will increase the spam level of ads. Fortunately, we already suck at ad targeting on this platform.","This will increase the spam level of ads. Fortunately, we already suck at ad targeting on this platform.",0,1,0,neutral,negative
1.67e+18,https://x.com/elonmusk/status/1670147972368330753,@ZubyMusic Ad-free version if you subscribe to Zuby!,Ad-free version if you subscribe to Zuby!,2,1,2,neutral,positive
1.76e+18,https://x.com/elonmusk/status/1761176276621254807,"Meta Staff Found Instagram Tool Enabled Child Exploitation. The Company Pressed Ahead Anyway.

And yet @Disney spends billions on advertising with Meta … https://t.co/a8TDWMnYNH",Meta Staff Found Instagram Tool Enabled Child Exploitation. The Company Pressed Ahead Anyway. And yet spends billions on advertising with Meta …,0,1,2,neutral,positive
9.59e+17,https://x.com/elonmusk/status/959482581451329536,"@TheTeslaShow Early access build and especially Dev build are feature-rich, but the features aren’t reliable enough yet","Early access build and especially Dev build are feature-rich, but the features aren't reliable enough yet",1,1,0,neutral,negative
1.49e+18,https://x.com/elonmusk/status/1488889793048195082,@MinimalDuck @Tesla @Gfilche @WholeMarsBlog Tunnels …,Tunnels …,1,1,0,neutral,negative
1.76e+18,https://x.com/elonmusk/status/1760323775768453481,"@RichardHanania Yeah, the legacy media is obsessed","Yeah, the legacy media is obsessed",0,1,2,neutral,positive
1.86e+18,https://x.com/elonmusk/status/1862337000411447422,"@pcgamer Who owns you?

PC Gamer used to be great, but turned into unreadable crap for several years.","Who owns you? PC Gamer used to be great, but turned into unreadable crap for several years.",0,1,0,neutral,negative
1.28e+18,https://x.com/elonmusk/status/1276957305842528256,@BLKMDL3 Major Supercharger increases are underway for the greater LA area,Major Supercharger increases are underway for the greater LA area,2,1,2,neutral,positive
1.88e+18,https://x.com/elonmusk/status/1878550409851093287,We are going to position Cybertrucks with Starlinks and free WiFi in a grid pattern in the areas that most need it in the greater LA/Malibu area,We are going to position Cybertrucks with Starlinks and free WiFi in a grid pattern in the areas that most need it in the greater LA/Malibu area,2,1,2,neutral,positive
1.72e+18,https://x.com/elonmusk/status/1717989656485105994,Maybe time’s just a construct of human perception. An illusion created by … https://t.co/iiDxRoPJwv,Maybe time's just a construct of human perception. An illusion created by …,1,1,2,neutral,positive
1.29e+18,https://x.com/elonmusk/status/1285830270709403648,"You don’t have a soul, you are a soul","You don't have a soul, you are a soul",1,1,2,neutral,positive
1.9e+18,https://x.com/elonmusk/status/1900858831237767246,"SpaceX will launch over 90% of all of Earth’s payload mass to orbit this year. 

China will be ~5% and rest of world, including rest of America, around 5%.

When Starship is launching at high rate, SpaceX will probably carry &gt;99% of Earth’s payload mass to orbit. This is","SpaceX will launch over 90% of all of Earth's payload mass to orbit this year. China will be ~5% and rest of world, including rest of America, around 5%. When Starship is launching at high rate, SpaceX will probably carry >99% of Earth's payload mass to orbit. This is",2,1,2,neutral,positive
1.86e+18,https://x.com/elonmusk/status/1864849107585560726,@alx He’s a tough negotiator 😂,He's a tough negotiator,1,2,0,positive,negative
1.68e+18,https://x.com/elonmusk/status/1682594510545584128,@DirtyTesLa Reduces unnecessary slowdowns,Reduces unnecessary slowdowns,2,0,2,negative,positive
1.73e+18,https://x.com/elonmusk/status/1733237507431526635,@alifarhat79 I am told that there is no evidence that he ever visited the island,I am told that there is no evidence that he ever visited the island,1,1,0,neutral,negative
1.84e+18,https://x.com/elonmusk/status/1841191704516243640,@TheRabbitHole84 Republicans used to be the “mean &amp; judgy” party and now it is the Democrats,"Republicans used to be the ""mean & judgy"" party and now it is the Democrats",0,1,0,neutral,negative
1.87e+18,https://x.com/elonmusk/status/1865880047912985087,@MikeBenzCyber The sheer magnitude and breadth of the scams in government are mind-blowing,The sheer magnitude and breadth of the scams in government are mind-blowing,0,0,1,negative,neutral
1.84e+18,https://x.com/elonmusk/status/1839931278340010214,From many countries,From many countries,1,1,0,neutral,negative
1.23e+18,https://x.com/elonmusk/status/1226920273753997316,@G_d_Photographr Sounds like we should open a Tesla Center there!,Sounds like we should open a Tesla Center there!,2,1,2,neutral,positive
1.76e+18,https://x.com/elonmusk/status/1755264018145804689,"If I had a dollar for every time the media reported that one of my companies was going to die, I would never need to raise money!","If I had a dollar for every time the media reported that one of my companies was going to die, I would never need to raise money!",0,1,0,neutral,negative
1.89e+18,https://x.com/elonmusk/status/1886697613644218435,"@unusual_whales Should be called the “Shady Business Administration”. 

Only 8% of loans are paid back!","Should be called the ""Shady Business Administration"". Only 8% of loans are paid back!",0,0,1,negative,neutral
1.89e+18,https://x.com/elonmusk/status/1892615780119748881,@AdamLowisz @DefiyantlyFree There must be some solution that is not constant daily death of Ukrainian men in trenches,There must be some solution that is not constant daily death of Ukrainian men in trenches,0,0,2,negative,positive
1.57e+18,https://x.com/elonmusk/status/1567192288442388481,@garyblack00 Read the actual ruling. We had zero to do with David Sack’s response. Zero.,Read the actual ruling. We had zero to do with David Sack's response. Zero.,1,1,2,neutral,positive
1.41e+18,https://x.com/elonmusk/status/1413739988399833091,@edisoneom @richardbranson @StephenAtHome @thegreatkhalid @Cmdr_Hadfield @kelliegerardi @virgingalactic Only ever have,Only ever have,1,1,2,neutral,positive
1.89e+18,https://x.com/elonmusk/status/1889262650502123630,@stillgray But really how did she?,But really how did she?,1,1,0,neutral,negative
1.66e+18,https://x.com/elonmusk/status/1655130145445879808,"@marenkahnert I’d just to see a picture of this mine. Like, where is it exactly!?","I'd just to see a picture of this mine. Like, where is it exactly!?",1,1,2,neutral,positive
3.21e+17,https://x.com/elonmusk/status/321409229565075456,@ryanjoyce88 We went through literally hundreds of variants of red trying to find something original that didn't suck.,We went through literally hundreds of variants of red trying to find something original that didn't suck.,1,1,0,neutral,negative
1.89e+18,https://x.com/elonmusk/status/1888036647972774014,Exactly. Total madness!,Exactly. Total madness!,0,0,1,negative,neutral
1.82e+18,https://x.com/elonmusk/status/1819548856910012724,@hoovlet Detailed explanation,Detailed explanation,1,1,2,neutral,positive
1.64e+18,https://x.com/elonmusk/status/1641712856897839110,@nichegamer Really that good?,Really that good?,1,1,2,neutral,positive
1.89e+18,https://x.com/elonmusk/status/1894417769707573618,"I will do whatever I can.

There are limitations place upon me.",I will do whatever I can. There are limitations place upon me.,1,1,2,neutral,positive
1.62e+18,https://x.com/elonmusk/status/1618306035340709888,"@BretWeinstein Several aspects of For You recommendations were fixed last night. Team and were in the office past midnight.

You should see improvements, but we are continuing to monitor.","Several aspects of For You recommendations were fixed last night. Team and were in the office past midnight. You should see improvements, but we are continuing to monitor.",2,2,0,positive,negative
1.85e+18,https://x.com/elonmusk/status/1848127009375113386,"If America falls, nothing else matters","If America falls, nothing else matters",0,0,1,negative,neutral
1.9e+18,https://x.com/elonmusk/status/1895257766815768940,@EricLDaugh Something fishy is going on,Something fishy is going on,0,2,1,positive,neutral
1.83e+18,https://x.com/elonmusk/status/1833326667072475252,Paging @PETA … 👋,Paging …,1,1,0,neutral,negative
9.99e+17,https://x.com/elonmusk/status/999465692859527168,"Maybe the media credibility rating site should be called “You’re Right!”  I do actually own https://t.co/1JqqCF9inA, but for the moment I just have it automatically forward to Facebook News.","Maybe the media credibility rating site should be called ""You're Right!"" I do actually own but for the moment I just have it automatically forward to Facebook News.",1,1,0,neutral,negative
1.83e+18,https://x.com/elonmusk/status/1833345969074933963,@pmarca Removing the immense number of pointless regulations and shifting investment to the private sector is the key,Removing the immense number of pointless regulations and shifting investment to the private sector is the key,2,0,1,negative,neutral
1.4e+18,https://x.com/elonmusk/status/1404330986951766021,@DELTA_V @spacex360 So much more is needed for life to become multiplanetary,So much more is needed for life to become multiplanetary,1,1,2,neutral,positive
1.62e+18,https://x.com/elonmusk/status/1616570445226180623,@ezralevant Power to the people!,Power to the people!,2,2,1,positive,neutral
1.65e+18,https://x.com/elonmusk/status/1645116142791393283,Tesla opening Megapack factory in Shanghai to supplement output of Megapack factory in California,Tesla opening Megapack factory in Shanghai to supplement output of Megapack factory in California,2,1,2,neutral,positive
1.52e+18,https://x.com/elonmusk/status/1516946581030903809,@garyblack00 @MartinViecha $1T valuation with $0 advertising spend,$1T valuation with $0 advertising spend,2,1,2,neutral,positive
1.81e+18,https://x.com/elonmusk/status/1809377894571077842,"When is there not one – just one – even *attempted* prosecution of that Epstein (Bill Gates &amp; Reid Hoffman come to mind)
client list. 

Either FBI does their duty or the case for an entire departmental reset or abolishment is strong.",When is there not one – just one – even *attempted* prosecution of that Epstein (Bill Gates & Reid Hoffman come to mind) client list. Either FBI does their duty or the case for an entire departmental reset or abolishment is strong.,0,1,0,neutral,negative
1.65e+18,https://x.com/elonmusk/status/1653567634657656832,@Damadeferroofic These guys? https://t.co/qLxjXDObGH,These guys?,1,1,2,neutral,positive
1.85e+18,https://x.com/elonmusk/status/1853951035326562527,"Hear all sides of an issue on this platform, corrected further by the fully open source @CommunityNotes!","Hear all sides of an issue on this platform, corrected further by the fully open source !",2,2,1,positive,neutral
1.87e+18,https://x.com/elonmusk/status/1873188759526887447,"SpaceX launch underway 
 https://t.co/8JxXqiJho2",SpaceX launch underway,1,1,2,neutral,positive
1.57e+18,https://x.com/elonmusk/status/1571154307759603718,to help mend the fault in our stars,to help mend the fault in our stars,1,1,0,neutral,negative
1.61e+18,https://x.com/elonmusk/status/1606290057890889729,@shethssahil1 @TheSonOfWalkley @Twitter Spaces should automatically ask the host if they’d like to save it,Spaces should automatically ask the host if they'd like to save it,1,1,0,neutral,negative
1.79e+18,https://x.com/elonmusk/status/1787516961074930002,"@EndWokeness @camhigby Wow, she is proudly racist!!","Wow, she is proudly racist!!",0,1,2,neutral,positive
1.61e+18,https://x.com/elonmusk/status/1614119750627459074,"The higher the rates, the harder the fall","The higher the rates, the harder the fall",0,0,2,negative,positive
1.38e+18,https://x.com/elonmusk/status/1375909123246686212,"@summerlinARK It’s not really possible to match the human brain in 2021 for any amount of money imo, but it will be possible probably in a few years","It's not really possible to match the human brain in 2021 for any amount of money imo, but it will be possible probably in a few years",1,1,0,neutral,negative
1.5e+18,https://x.com/elonmusk/status/1503831484523819011,"Thank you for the offer, but such excellent training would give me too much of an advantage. 

If he is afraid to fight, I will agree to use only my left hand and I am not even left-handed.

Elona","Thank you for the offer, but such excellent training would give me too much of an advantage. If he is afraid to fight, I will agree to use only my left hand and I am not even left-handed. Elona",2,2,0,positive,negative
1.21e+18,https://x.com/elonmusk/status/1205676667705757696,@bluemoondance74 @ThugsAndMiracle @tfspeakcies @DearHistorians @DeepintoHistory @HellenisticPod @TrueConsPod @IWBpodcast @Coffincast @CacheHistory @AgeofVictoria @ForYourRefPod @WWIIPodcast @namelessdeadpod @ZombieFishbowl @AgeofNapoleon Raptor is making great progress! Just finished an engineering review with SpaceX Propulsion. Engine SN 17 is about to ship to McGregor with some holiday style 🎄😀 https://t.co/3JNIyxY9H0,Raptor is making great progress! Just finished an engineering review with SpaceX Propulsion. Engine SN 17 is about to ship to McGregor with some holiday style,2,2,1,positive,neutral
1.16e+18,https://x.com/elonmusk/status/1157954787926773760,@banQuo__ Mad skillz,Mad skillz,2,2,0,positive,negative
1.21e+18,https://x.com/elonmusk/status/1211232157370404864,"@RationalEtienne @EvaFoxU @amargosavalley That might have something to do with it. “Stalin: Court of the Red Tsar” was one of the few books so dark I had to stop reading. If only they’d listened to Lenin’s last wish, much tragedy may have been averted.","That might have something to do with it. ""Stalin: Court of the Red Tsar"" was one of the few books so dark I had to stop reading. If only they'd listened to Lenin's last wish, much tragedy may have been averted.",1,0,1,negative,neutral
1.14e+18,https://x.com/elonmusk/status/1141198742919344130,"@cleantechnica @Tesla Sole meunière
https://t.co/EYi4gHmJ5X",Sole meunière,1,1,0,neutral,negative
1.53e+18,https://x.com/elonmusk/status/1529100718065569792,"Contrary to what many think, the richer someone is, the fewer kids they have.

I am a rare exception. Most people I know have zero or one kid.","Contrary to what many think, the richer someone is, the fewer kids they have. I am a rare exception. Most people I know have zero or one kid.",1,1,2,neutral,positive
1.74e+18,https://x.com/elonmusk/status/1744414136086200632,@teslaownersSV That was wild,That was wild,2,1,2,neutral,positive
1.25e+18,https://x.com/elonmusk/status/1247049621374930951,@archillect Like tears in rain,Like tears in rain,1,1,0,neutral,negative
1.22e+18,https://x.com/elonmusk/status/1217995711196778497,@jameslin123321 @Erdayastronaut Helping to pay for this is why I’m accumulating assets on Earth.,Helping to pay for this is why I'm accumulating assets on Earth.,1,1,2,neutral,positive
1.66e+18,https://x.com/elonmusk/status/1658564606984441859,Tesla shareholder meeting underway,Tesla shareholder meeting underway,1,1,2,neutral,positive
1.46e+18,https://x.com/elonmusk/status/1457083243933601802,@Rainmaker1973 Tesla Autopilot spends a lot of effort on minimizing jerk,Tesla Autopilot spends a lot of effort on minimizing jerk,1,2,0,positive,negative
1.77e+18,https://x.com/elonmusk/status/1773934659287605651,@pmarca Expansion of consciousness in all its forms,Expansion of consciousness in all its forms,2,1,0,neutral,negative
1.69e+18,https://x.com/elonmusk/status/1689188669251338240,@RichardDawkins Many parallels,Many parallels,1,1,2,neutral,positive
1.79e+18,https://x.com/elonmusk/status/1785235408948756923,@DavidSacks The Forever War,The Forever War,0,1,0,neutral,negative
1.91e+18,https://x.com/elonmusk/status/1910092373981630862,SuperGrok is free for students,SuperGrok is free for students,2,1,2,neutral,positive
1.7e+18,https://x.com/elonmusk/status/1702119552316813427,@billmaher Maybe worth posting some material on this platform. The reach is enormous.,Maybe worth posting some material on this platform. The reach is enormous.,2,1,2,neutral,positive
1.1e+18,https://x.com/elonmusk/status/1095945664876462080,"@TslaTimeCapsule @BMWi @Audi @Cadillac @WSJ @28delayslater Wow, 2013","Wow, 2013",2,1,2,neutral,positive
1.87e+18,https://x.com/elonmusk/status/1874582546283172251,@robbystarbuck @X @premium Seems to be a bug. Please post screenshots. X just has a small crew working on Jan 1.,Seems to be a bug. Please post screenshots. X just has a small crew working on Jan 1.,1,0,1,negative,neutral
1.33e+18,https://x.com/elonmusk/status/1330204058817351684,@NASASpaceflight Largest cast titanium part in the world. No heat shielding needed.,Largest cast titanium part in the world. No heat shielding needed.,2,1,0,neutral,negative
1.8e+18,https://x.com/elonmusk/status/1798734748707397991,"@Cmdr_Hadfield @SpaceX Thanks Chris!

A fully and immediately reusable orbital heat shield, which (as you know) has never been made before, is the single toughest problem remaining.

Being able to iterate with many ideas on many ships is key to solving this.","Thanks Chris! A fully and immediately reusable orbital heat shield, which (as you know) has never been made before, is the single toughest problem remaining. Being able to iterate with many ideas on many ships is key to solving this.",2,1,0,neutral,negative
1.57e+18,https://x.com/elonmusk/status/1565884647950626816,@heydave7 Moody’s is irrelevant,Moody's is irrelevant,0,1,0,neutral,negative
1.33e+18,https://x.com/elonmusk/status/1329448467161370638,@Suvitruf @archillect Haha sexy cropping champion of all time,Haha sexy cropping champion of all time,2,2,1,positive,neutral
1.67e+18,https://x.com/elonmusk/status/1671362974072688644,"@Kristennetten To the computer, everything is in slow motion","To the computer, everything is in slow motion",1,1,0,neutral,negative
1.53e+18,https://x.com/elonmusk/status/1531696049064116225,@PinballReed @crikey_news @ummjackson @cameronwilson And Palmer always forgets to mention that he never wrote a single line of Dogecoin code …,And Palmer always forgets to mention that he never wrote a single line of Dogecoin code …,0,1,0,neutral,negative
1.65e+18,https://x.com/elonmusk/status/1653567031336214528,"@DanielleFong @growing_daniel As Andrej said, if you hit Earth with enough photons, eventually it emits a Tesla!","As Andrej said, if you hit Earth with enough photons, eventually it emits a Tesla!",2,1,2,neutral,positive
1.66e+18,https://x.com/elonmusk/status/1657570459502649344,@KanekoaTheGreat Covid Cult Culture,Covid Cult Culture,0,1,2,neutral,positive
1.48e+18,https://x.com/elonmusk/status/1482598301694238723,So informative https://t.co/rTktvhYukK,So informative,2,2,0,positive,negative
1.63e+18,https://x.com/elonmusk/status/1632186257659838467,@pmarca People who throw the disinformation word around constantly are almost certainly guilty of engaging in it,People who throw the disinformation word around constantly are almost certainly guilty of engaging in it,0,0,1,negative,neutral
1.43e+18,https://x.com/elonmusk/status/1429689615707824128,@lexfridman @karpathy My son asked if we would still speak English 7000 years from now. I said probably not. There was not even the faintest hint of English 7000 years ago.,My son asked if we would still speak English 7000 years from now. I said probably not. There was not even the faintest hint of English 7000 years ago.,1,1,0,neutral,negative
1.88e+18,https://x.com/elonmusk/status/1877608159549727209,"Ok, we’re thinking too small with Starship","Ok, we're thinking too small with Starship",1,1,2,neutral,positive
1.57e+18,https://x.com/elonmusk/status/1569759897176231937,@TaraBull808 Sounds pretty bad,Sounds pretty bad,0,0,2,negative,positive
1.42e+18,https://x.com/elonmusk/status/1415346183707545605,"@preachy_spice It was Richard’s rental house, which overall is great, but I agree regarding the cabinets haha. This was 3am, day of flight. Wasn’t expecting this brutal pic of me to be posted, but oh well.","It was Richard's rental house, which overall is great, but I agree regarding the cabinets haha. This was 3am, day of flight. Wasn't expecting this brutal pic of me to be posted, but oh well.",1,1,2,neutral,positive
1.01e+18,https://x.com/elonmusk/status/1005900081793359872,@Caio_1999_ @LanceUlanoff Not recommended for urban environments,Not recommended for urban environments,0,1,0,neutral,negative
1.11e+18,https://x.com/elonmusk/status/1109901209446416385,"@andrewmackenzie Every car company is constantly changing prices, but nobody cares","Every car company is constantly changing prices, but nobody cares",1,0,1,negative,neutral
4.96e+17,https://x.com/DarbsenWtf/status/496010572333580288,"Netflix doet kut, dus dan maar teringherrie pompen. Iemand nog suggesties?","Netflix doet kut, dus dan maar teringherrie pompen. Iemand nog suggesties?",1,1,2,neutral,positive
9.84e+17,https://x.com/elonmusk/status/983775391851528192,@volgaksoy @visageofscott Place your bets …,Place your bets …,1,1,2,neutral,positive
1.75e+18,https://x.com/elonmusk/status/1751731032636985493,@WholeMarsBlog Minecraft irl,Minecraft irl,1,1,0,neutral,negative
1.76e+18,https://x.com/elonmusk/status/1764055153995309256,"@RandPaul We at least need to know where exactly the money is going and what the exit strategy is.

Either way, government spending is out of control.","We at least need to know where exactly the money is going and what the exit strategy is. Either way, government spending is out of control.",0,0,1,negative,neutral
1.85e+18,https://x.com/elonmusk/status/1851971319111262506,Let us know if you’ve been illegally fired for expressing your political views,Let us know if you've been illegally fired for expressing your political views,0,0,1,negative,neutral
1.87e+18,https://x.com/elonmusk/status/1873936504520925233,@teslaownersSV It just literally is,It just literally is,1,1,0,neutral,negative
1.32e+18,https://x.com/elonmusk/status/1319059307804045316,"@WholeMarsBlog Not intentional! We just wanted to show that you could theoretically convert the entire US vehicle fleet to electric using only the lithium in Nevada, a single state. Tesla will do lithium mining only as needed. We also found a way to extract lithium using NaCl (table salt).","Not intentional! We just wanted to show that you could theoretically convert the entire US vehicle fleet to electric using only the lithium in Nevada, a single state. Tesla will do lithium mining only as needed. We also found a way to extract lithium using NaCl (table salt).",2,1,0,neutral,negative
1.62e+18,https://x.com/elonmusk/status/1615192220419887105,@BillyM2k Should Twitter keep it active?,Should Twitter keep it active?,1,1,2,neutral,positive
1.74e+18,https://x.com/elonmusk/status/1739728474384871587,Or do both!,Or do both!,2,1,0,neutral,negative
8.73e+17,https://x.com/elonmusk/status/873306583983247360,"@RITSPEX @ID_AA_Carmack @mmeijeri Slow at first, then very fast. Def not hover.","Slow at first, then very fast. Def not hover.",1,1,0,neutral,negative
7.17e+17,https://x.com/elonmusk/status/716750603813318656,@PeteEhmKay @gerardomarina what's the link to that?,what's the link to that?,1,1,2,neutral,positive
2.02e+17,https://x.com/elonmusk/status/201856175644491777,Must remember not to refer to Chimpanzees as deadly killing machines when taking little kids to see a movie about them,Must remember not to refer to Chimpanzees as deadly killing machines when taking little kids to see a movie about them,1,1,0,neutral,negative
1.2e+18,https://x.com/elonmusk/status/1197987290317914112,@reecethesaxman We threw same steel ball at same window several times right before event &amp; didn’t even scratch the glass!,We threw same steel ball at same window several times right before event & didn't even scratch the glass!,2,1,0,neutral,negative
