id,url,fullText,clean_txt,label,logistic_regression_pred,naive_bayes_pred,logistic_regression_pred_label,naive_bayes_pred_label
1.74e+18,https://x.com/elonmusk/status/1738274350921306519,"@SergiXPlaid @SmallPettingZoo Photons in, motor commands out","Photons in, motor commands out",1,1,0,neutral,negative
1.7e+18,https://x.com/elonmusk/status/1700795854729232671,Aka opening your email https://t.co/QKe4aButYQ,Aka opening your email,1,0,2,negative,positive
1.67e+18,https://x.com/elonmusk/status/1672682292584628224,@stclairashley The “pull out” method,"The ""pull out"" method",1,1,2,neutral,positive
1.21e+18,https://x.com/elonmusk/status/1208464373225672704,@engineers_feed I try so hard with these jokes!,I try so hard with these jokes!,1,0,2,negative,positive
1.79e+18,https://x.com/elonmusk/status/1787165820512051626,"Maiden launch of Falcon Heavy, the most powerful operational rocket on Earth, with the first dual rocket landing
 https://t.co/CrzQGeQWU8","Maiden launch of Falcon Heavy, the most powerful operational rocket on Earth, with the first dual rocket landing",2,2,1,positive,neutral
1.41e+18,https://x.com/elonmusk/status/1408545456746020866,"@marcodzo @Tesla Sometimes people think it is performance, but safety is always the primary design requirement for a Tesla","Sometimes people think it is performance, but safety is always the primary design requirement for a Tesla",2,1,2,neutral,positive
1.53e+18,https://x.com/elonmusk/status/1527733001584623618,Sus man,Sus man,1,1,0,neutral,negative
1.45e+18,https://x.com/elonmusk/status/1454610032679600129,"@hsumacher @Tesla Indeed. The factory was empty at the time, stripped of all equipment that wasn’t worth even its scrap value. But we salvaged what was left &amp; fixed up the old machines so some could work again.","Indeed. The factory was empty at the time, stripped of all equipment that wasn't worth even its scrap value. But we salvaged what was left & fixed up the old machines so some could work again.",0,0,2,negative,positive
1.44e+18,https://x.com/elonmusk/status/1437203967902167045,@PPathole They are … not yet friends,They are … not yet friends,2,1,0,neutral,negative
1.6e+18,https://x.com/elonmusk/status/1603985491505795072,Twitter will start incorporating mute &amp; block signals from Blue Verified (not Legacy Blue) as downvotes,Twitter will start incorporating mute & block signals from Blue Verified (not Legacy Blue) as downvotes,2,0,1,negative,neutral
1.27e+18,https://x.com/elonmusk/status/1269370365651738624,@MKBHD Big line at the barbershop,Big line at the barbershop,0,2,1,positive,neutral
1.86e+18,https://x.com/elonmusk/status/1856349325896392787,Becoming multiplanetary will greatly increase the lifespan of our civilization and it is the critical next step to becoming multistellar,Becoming multiplanetary will greatly increase the lifespan of our civilization and it is the critical next step to becoming multistellar,1,1,0,neutral,negative
1.65e+18,https://x.com/elonmusk/status/1646705367953608704,@BillyM2k App update needed,App update needed,2,1,2,neutral,positive
1.67e+18,https://x.com/elonmusk/status/1669142093875347456,@cb_doge Not bad,Not bad,2,1,2,neutral,positive
1.76e+18,https://x.com/elonmusk/status/1759144877567205570,"Tesla generative video from last year
 https://t.co/s5ZodFigYe",Tesla generative video from last year,1,1,2,neutral,positive
1.17e+18,https://x.com/elonmusk/status/1173877884085161984,"@bonnienorman @Model3Owners They’re available through the app, but we need to make them easier to find","They're available through the app, but we need to make them easier to find",1,1,2,neutral,positive
1.76e+18,https://x.com/elonmusk/status/1764891422556123525,"@Mihonarium Maybe we are just a CSV file on an alien computer. 

What the odds that this reality is base CSV?",Maybe we are just a CSV file on an alien computer. What the odds that this reality is base CSV?,1,1,0,neutral,negative
1.7e+18,https://x.com/elonmusk/status/1703325625283727504,@cremieuxrecueil Important to stay that way,Important to stay that way,2,1,2,neutral,positive
1.87e+18,https://x.com/elonmusk/status/1870201697601011922,"Obviously NOT “far-right”!

Just common sense policies.","Obviously NOT ""far-right""! Just common sense policies.",0,1,0,neutral,negative
1.85e+18,https://x.com/elonmusk/status/1853071386425651582,She wants to break the Constitution,She wants to break the Constitution,0,0,1,negative,neutral
1.25e+18,https://x.com/elonmusk/status/1253834922969763842,Mythic Quest is 🤣🤣 MTTD,Mythic Quest is MTTD,1,1,2,neutral,positive
1.88e+18,https://x.com/elonmusk/status/1884312495097323743,"Live broadcast from The @WhiteHouse. 

You can now rewind live broadcasts to catch up. 

 https://t.co/YwZYM5DqOm",Live broadcast from The . You can now rewind live broadcasts to catch up.,1,1,0,neutral,negative
1.65e+18,https://x.com/elonmusk/status/1646953102778552320,@all_in_tok @SFGovTV @theallinpod @DavidSacks @Jason Exactly. Take a walk through downtown around Twitter HQ. Outrageous that city officials would claim that it is not dangerous!,Exactly. Take a walk through downtown around Twitter HQ. Outrageous that city officials would claim that it is not dangerous!,0,0,1,negative,neutral
1.05e+18,https://x.com/elonmusk/status/1050792830732394496,Visual approximation https://t.co/sMn3Pv476Y,Visual approximation,1,1,2,neutral,positive
1.68e+18,https://x.com/elonmusk/status/1679675138235830272,@JuwonTheTechie @Twitter I gave my share to the creator payout pool,I gave my share to the creator payout pool,1,1,2,neutral,positive
6.57e+17,https://x.com/elonmusk/status/656971573337944065,"@ryybuzz we won't be, but yes","we won't be, but yes",1,1,0,neutral,negative
1.58e+18,https://x.com/elonmusk/status/1580600379074523136,"@leehumerian Starlink requires nothing except ~50 Watt power source. With a small solar system plus battery or a generator, you will have connectivity anywhere.","Starlink requires nothing except ~50 Watt power source. With a small solar system plus battery or a generator, you will have connectivity anywhere.",2,2,0,positive,negative
1.75e+18,https://x.com/elonmusk/status/1753558150983082216,@PlanetOfMemes The contempt he showed for America is galling,The contempt he showed for America is galling,0,1,2,neutral,positive
1.23e+18,https://x.com/elonmusk/status/1228546082172370944,"@jgrano305 @BLKMDL3 @DMC_Ryan @Jason Depends on when car was built, as there are many small hardware improvements, so most will be somewhere in between 373 &amp; 390","Depends on when car was built, as there are many small hardware improvements, so most will be somewhere in between 373 & 390",1,0,1,negative,neutral
1.84e+18,https://x.com/elonmusk/status/1835914640351793229,@MattWalshBlog Because they’re racists?  🤷‍♂️,Because they're racists? ‍♂️,0,1,0,neutral,negative
1.25e+18,https://x.com/elonmusk/status/1253373112202211329,"@teslaownersSV @TOGregTO Side camera view looks a little weird, as meant for self-driving, but will review with team. Image will need a little post-processing.","Side camera view looks a little weird, as meant for self-driving, but will review with team. Image will need a little post-processing.",1,0,1,negative,neutral
1.85e+18,https://x.com/elonmusk/status/1851161873816903728,@amuse AOC was like murdered like 17 times at least,AOC was like murdered like 17 times at least,0,2,0,positive,negative
1.79e+18,https://x.com/elonmusk/status/1786436088875077772,@MarioNawfal White House book burning,White House book burning,0,0,2,negative,positive
1.45e+18,https://x.com/elonmusk/status/1446402077014515718,Sorry if we’ve been too dumb to respond to you. Please cite evidence of exceptional ability in a few bullet points. Nothing else matters.,Sorry if we've been too dumb to respond to you. Please cite evidence of exceptional ability in a few bullet points. Nothing else matters.,0,0,1,negative,neutral
1.69e+18,https://x.com/elonmusk/status/1694112544342913533,@PrinceVogel He is now in logo heaven,He is now in logo heaven,1,1,2,neutral,positive
1.66e+18,https://x.com/elonmusk/status/1657204060334989312,"@zerohedge So you’re saying there’s a chance we make it? Yesss 💪!!
https://t.co/9aMviVhLMD",So you're saying there's a chance we make it? Yesss !!,2,2,0,positive,negative
1.88e+18,https://x.com/elonmusk/status/1876891493014569426,"@JustinTrudeau Girl, you’re not the governor of Canada anymore, so doesn’t matter what you say","Girl, you're not the governor of Canada anymore, so doesn't matter what you say",0,1,0,neutral,negative
9.7e+17,https://x.com/elonmusk/status/970088614183845888,@ToddBourne @Tesla Almost done,Almost done,1,1,2,neutral,positive
1.7e+18,https://x.com/elonmusk/status/1702285560541331532,"@dwr 🤣

What is up with the press!?

They seem to be extra sour these days. https://t.co/y8dcWSBAux",What is up with the press!? They seem to be extra sour these days.,0,0,1,negative,neutral
1.63e+18,https://x.com/elonmusk/status/1625580694494928897,"@WallStreetSilv Low birth rates lead to ghost cities and, eventually, ghost civilizations","Low birth rates lead to ghost cities and, eventually, ghost civilizations",0,1,2,neutral,positive
1.05e+18,https://x.com/elonmusk/status/1045828553751711746,That was intense,That was intense,1,1,0,neutral,negative
1.53e+18,https://x.com/elonmusk/status/1529631588417421312,"@teslaownersSV @RyanGirdusky @GoodPoliticGuy If birth rates remain unchanged, South Korea will be ~6% of its current population in three generations, with a majority of people over age 60","If birth rates remain unchanged, South Korea will be ~6% of its current population in three generations, with a majority of people over age 60",0,0,2,negative,positive
1.47e+18,https://x.com/elonmusk/status/1469006861588434959,@_rykllan @SpaceX @FelixSchlang @MarcusHouse @Erdayastronaut @bluemoondance74 @NextHorizonsSF Rocket fleets grows,Rocket fleets grows,2,1,2,neutral,positive
1.84e+18,https://x.com/elonmusk/status/1841345939061215430,"Also, common sense. 

People need to live somewhere, so unless they move to a town with a lot of extra houses (true in some places, but not all places in America), there will be upward pressure on house prices proportionate to the influx of people.","Also, common sense. People need to live somewhere, so unless they move to a town with a lot of extra houses (true in some places, but not all places in America), there will be upward pressure on house prices proportionate to the influx of people.",1,2,0,positive,negative
1.84e+18,https://x.com/elonmusk/status/1843536635797139757,@mazemoore Fake af,Fake af,0,1,0,neutral,negative
1.89e+18,https://x.com/elonmusk/status/1887710700912472443,"Anyone want to create a hard-hitting show on 𝕏 called 69 Minutes?

I will actually fund it!",Anyone want to create a hard-hitting show on 𝕏 called 69 Minutes? I will actually fund it!,2,0,1,negative,neutral
1.82e+18,https://x.com/elonmusk/status/1824897175391735997,"@dvorahfr I’d like to say that it’s always a strength, but there are important exceptions:

1. When empathy towards immigrants who have antithetical and intransigent beliefs leads to civilizational suicide.

2. When there is too much empathy for violent criminals, rather than their","I'd like to say that it's always a strength, but there are important exceptions: 1. When empathy towards immigrants who have antithetical and intransigent beliefs leads to civilizational suicide. 2. When there is too much empathy for violent criminals, rather than their",0,2,0,positive,negative
1.73e+18,https://x.com/elonmusk/status/1731991224825819616,"Posts on 𝕏 go viral proportionate to how much time users spend looking at them. 

People obviously spend way more time watching videos on 𝕏 than if they go elsewhere to watch them, so it is best to post things natively here.","Posts on 𝕏 go viral proportionate to how much time users spend looking at them. People obviously spend way more time watching videos on 𝕏 than if they go elsewhere to watch them, so it is best to post things natively here.",2,2,1,positive,neutral
1.86e+18,https://x.com/elonmusk/status/1859769034147024994,"@ByronYork 💯

Biden said he would open the border before he became President and then he did what he said he would do!",Biden said he would open the border before he became President and then he did what he said he would do!,1,1,2,neutral,positive
1.87e+18,https://x.com/elonmusk/status/1867748874003120293,100th rocket landing this year,100th rocket landing this year,2,1,2,neutral,positive
1.75e+18,https://x.com/elonmusk/status/1750368096945070474,And he did https://t.co/AZVkmSFiqj,And he did,1,1,0,neutral,negative
1.88e+18,https://x.com/elonmusk/status/1877569861758390382,Competence saves lives,Competence saves lives,2,1,2,neutral,positive
1.33e+18,https://x.com/elonmusk/status/1331391132367015937,@flcnhvy @thesheetztweetz Major upgrades are slated for SN15,Major upgrades are slated for SN15,2,1,0,neutral,negative
1.68e+18,https://x.com/elonmusk/status/1682962207405948929,"@waxingarcane There are limits, but yes","There are limits, but yes",1,1,0,neutral,negative
1.01e+18,https://x.com/elonmusk/status/1012604447552204805,"@JaneidyEve Everything is sentient, especially sentience","Everything is sentient, especially sentience",1,1,2,neutral,positive
1.75e+18,https://x.com/elonmusk/status/1753193317687308342,This could have been your family. It was someone’s family.,This could have been your family. It was someone's family.,0,0,2,negative,positive
1.01e+18,https://x.com/elonmusk/status/1008385171744174080,"@leechy3 @kausthav_ray @SpaceX SX 300 &amp; soon SX 500. Kind of a modern version of Inconel superalloys. High strength at temperature, extreme oxidation resistance. Needed for ~800 atmosphere, hot, oxygen-rich turbopump on Raptor rocket engine.","SX 300 & soon SX 500. Kind of a modern version of Inconel superalloys. High strength at temperature, extreme oxidation resistance. Needed for ~800 atmosphere, hot, oxygen-rich turbopump on Raptor rocket engine.",1,0,1,negative,neutral
1e+18,https://x.com/elonmusk/status/1001857257254993921,"@IndianInterest Actually, Hyperloop draws a near vacuum in tube &amp; each pod is powered w electric motors. It is opposite of pneumatically powered.","Actually, Hyperloop draws a near vacuum in tube & each pod is powered w electric motors. It is opposite of pneumatically powered.",1,0,1,negative,neutral
1.18e+18,https://x.com/elonmusk/status/1177066483375058944,"@Jennerator211 @Erdayastronaut Mk1 ship is around 200 tons dry &amp; 1400 tons wet, but aiming for 120 by Mk4 or Mk5. Total stack mass with max payload is 5000 tons.","Mk1 ship is around 200 tons dry & 1400 tons wet, but aiming for 120 by Mk4 or Mk5. Total stack mass with max payload is 5000 tons.",1,2,1,positive,neutral
1.87e+18,https://x.com/elonmusk/status/1868964350305960426,She should sing her verdicts,She should sing her verdicts,1,1,2,neutral,positive
1.17e+18,https://x.com/elonmusk/status/1166126085903282177,"@SciGuySpace Raptor uses dual redundant torch igniters. Better long-term, but more finicky in development.","Raptor uses dual redundant torch igniters. Better long-term, but more finicky in development.",1,2,1,positive,neutral
1.13e+18,https://x.com/elonmusk/status/1129940276745609219,Also porting Unreal Engine,Also porting Unreal Engine,1,1,0,neutral,negative
9.99e+17,https://x.com/elonmusk/status/999010167793504256,"@ericbrownzzz @dmatkins137 @ShayneRarma @NASA But ya know what, let’s test that theory. Maybe we do want UAW back, even tho UAW betrayed us 8 years ago &amp; left us here to rot. Maybe we want UAW back even tho injury rate today is 1/2 what it was with them &amp; wages were lower. Maybe. Let’s hold a vote &amp; find out.","But ya know what, let's test that theory. Maybe we do want UAW back, even tho UAW betrayed us 8 years ago & left us here to rot. Maybe we want UAW back even tho injury rate today is 1/2 what it was with them & wages were lower. Maybe. Let's hold a vote & find out.",0,0,1,negative,neutral
1.34e+18,https://x.com/elonmusk/status/1337559580801425409,"@ErcXspace @SpaceX Ship leeward side will be bare metal, windward will have black, hexagonal heat shield tiles","Ship leeward side will be bare metal, windward will have black, hexagonal heat shield tiles",1,1,0,neutral,negative
1.69e+18,https://x.com/elonmusk/status/1685129287194558464,@alx _____ is a hell of a drug,___ is a hell of a drug,1,1,0,neutral,negative
1.18e+18,https://x.com/elonmusk/status/1176588054670323713,@HarryStoltz1 @justpaulinelol @Teslarati Turbo Pascal,Turbo Pascal,1,1,0,neutral,negative
1.91e+18,https://x.com/elonmusk/status/1910710839096545304,They just want to cheat,They just want to cheat,0,1,0,neutral,negative
9e+17,https://x.com/elonmusk/status/900376843210981376,"@KonstDubbed Yeah. It's kinda disgusting, but my boys and I love it :)","Yeah. It's kinda disgusting, but my boys and I love it :)",2,2,0,positive,negative
1.88e+18,https://x.com/elonmusk/status/1875576632326681099,"Legacy media dies a little more with each of their lies that is exposed. 

You are the media now.",Legacy media dies a little more with each of their lies that is exposed. You are the media now.,0,1,0,neutral,negative
1.67e+18,https://x.com/elonmusk/status/1670147972368330753,@ZubyMusic Ad-free version if you subscribe to Zuby!,Ad-free version if you subscribe to Zuby!,2,1,2,neutral,positive
1.69e+18,https://x.com/elonmusk/status/1687520435825745920,"The New York Times actually has the nerve to support calls for genocide! If ever there was a time to cancel that publication, it is now.

You can read their articles for free anyway using https://t.co/2NjvMTsWmj. https://t.co/ow11wxw7Ny","The New York Times actually has the nerve to support calls for genocide! If ever there was a time to cancel that publication, it is now. You can read their articles for free anyway using",0,2,1,positive,neutral
1.76e+18,https://x.com/elonmusk/status/1761176276621254807,"Meta Staff Found Instagram Tool Enabled Child Exploitation. The Company Pressed Ahead Anyway.

And yet @Disney spends billions on advertising with Meta … https://t.co/a8TDWMnYNH",Meta Staff Found Instagram Tool Enabled Child Exploitation. The Company Pressed Ahead Anyway. And yet spends billions on advertising with Meta …,0,0,2,negative,positive
1.84e+18,https://x.com/elonmusk/status/1838338126567088242,Very misleading …,Very misleading …,0,1,0,neutral,negative
9.59e+17,https://x.com/elonmusk/status/959482581451329536,"@TheTeslaShow Early access build and especially Dev build are feature-rich, but the features aren’t reliable enough yet","Early access build and especially Dev build are feature-rich, but the features aren't reliable enough yet",1,1,0,neutral,negative
1.87e+18,https://x.com/elonmusk/status/1870910663700390365,"I’d like to propose that Congress pass a “Save the Bureaucracy” bill, based on the premise that any given bill will do the opposite of its name 🤣🤣","I'd like to propose that Congress pass a ""Save the Bureaucracy"" bill, based on the premise that any given bill will do the opposite of its name",0,2,1,positive,neutral
1.28e+18,https://x.com/elonmusk/status/1282492573383184386,@MightyTesla @SamTalksTesla @ElonsWorld @Nikola_Truth @WholeMarsBlog @RenataKonkoly @stevenmarkryan @vincent13031925 @HyperChangeTV @TeslaPodcast Hell of a ride!,Hell of a ride!,2,1,2,neutral,positive
1.49e+18,https://x.com/elonmusk/status/1488889793048195082,@MinimalDuck @Tesla @Gfilche @WholeMarsBlog Tunnels …,Tunnels …,1,1,0,neutral,negative
1.86e+18,https://x.com/elonmusk/status/1862337000411447422,"@pcgamer Who owns you?

PC Gamer used to be great, but turned into unreadable crap for several years.","Who owns you? PC Gamer used to be great, but turned into unreadable crap for several years.",0,2,0,positive,negative
1.28e+18,https://x.com/elonmusk/status/1276957305842528256,@BLKMDL3 Major Supercharger increases are underway for the greater LA area,Major Supercharger increases are underway for the greater LA area,2,1,2,neutral,positive
1.01e+18,https://x.com/elonmusk/status/1008124944289370113,"@michaelshermer Direct democracy by the people. Laws must be short, as there is trickery in length. Automatic expiration of rules to prevent death by bureaucracy. Any rule can be removed by 40% of people to overcome inertia. Freedom.","Direct democracy by the people. Laws must be short, as there is trickery in length. Automatic expiration of rules to prevent death by bureaucracy. Any rule can be removed by 40% of people to overcome inertia. Freedom.",1,0,1,negative,neutral
1.72e+18,https://x.com/elonmusk/status/1717989656485105994,Maybe time’s just a construct of human perception. An illusion created by … https://t.co/iiDxRoPJwv,Maybe time's just a construct of human perception. An illusion created by …,1,1,2,neutral,positive
1.29e+18,https://x.com/elonmusk/status/1285830270709403648,"You don’t have a soul, you are a soul","You don't have a soul, you are a soul",1,1,2,neutral,positive
1.7e+18,https://x.com/elonmusk/status/1703327746955551060,@BillMelugin_ @firehawkphoto The Joker is winning in real life in our cities in America,The Joker is winning in real life in our cities in America,0,1,2,neutral,positive
1.68e+18,https://x.com/elonmusk/status/1682594510545584128,@DirtyTesLa Reduces unnecessary slowdowns,Reduces unnecessary slowdowns,2,1,2,neutral,positive
1.73e+18,https://x.com/elonmusk/status/1733237507431526635,@alifarhat79 I am told that there is no evidence that he ever visited the island,I am told that there is no evidence that he ever visited the island,1,1,0,neutral,negative
1.9e+18,https://x.com/elonmusk/status/1904370059532980540,@moment_mirthful @DOGE @SocialSecurity I’d like to meet them!,I'd like to meet them!,2,1,2,neutral,positive
1.23e+18,https://x.com/elonmusk/status/1226920273753997316,@G_d_Photographr Sounds like we should open a Tesla Center there!,Sounds like we should open a Tesla Center there!,2,0,2,negative,positive
1.89e+18,https://x.com/elonmusk/status/1892615780119748881,@AdamLowisz @DefiyantlyFree There must be some solution that is not constant daily death of Ukrainian men in trenches,There must be some solution that is not constant daily death of Ukrainian men in trenches,0,1,2,neutral,positive
1.57e+18,https://x.com/elonmusk/status/1567192288442388481,@garyblack00 Read the actual ruling. We had zero to do with David Sack’s response. Zero.,Read the actual ruling. We had zero to do with David Sack's response. Zero.,1,1,2,neutral,positive
1.88e+18,https://x.com/elonmusk/status/1877220454349382140,@DefiyantlyFree She must be a genius,She must be a genius,2,1,2,neutral,positive
1.85e+18,https://x.com/elonmusk/status/1852362688325656884,Women are exceeding men in academia,Women are exceeding men in academia,2,1,2,neutral,positive
1.86e+18,https://x.com/elonmusk/status/1860040571626340764,"The most entertaining outcome, especially if ironic, is most likely 😂","The most entertaining outcome, especially if ironic, is most likely",1,1,2,neutral,positive
1.66e+18,https://x.com/elonmusk/status/1655130145445879808,"@marenkahnert I’d just to see a picture of this mine. Like, where is it exactly!?","I'd just to see a picture of this mine. Like, where is it exactly!?",1,1,2,neutral,positive
1.73e+18,https://x.com/elonmusk/status/1728213431201792492,@DanielleFong Context switching is the mindkiller,Context switching is the mindkiller,0,1,0,neutral,negative
1.82e+18,https://x.com/elonmusk/status/1819548856910012724,@hoovlet Detailed explanation,Detailed explanation,1,1,2,neutral,positive
1.89e+18,https://x.com/elonmusk/status/1894417769707573618,"I will do whatever I can.

There are limitations place upon me.",I will do whatever I can. There are limitations place upon me.,1,1,2,neutral,positive
1.62e+18,https://x.com/elonmusk/status/1618306035340709888,"@BretWeinstein Several aspects of For You recommendations were fixed last night. Team and were in the office past midnight.

You should see improvements, but we are continuing to monitor.","Several aspects of For You recommendations were fixed last night. Team and were in the office past midnight. You should see improvements, but we are continuing to monitor.",2,1,0,neutral,negative
1.83e+18,https://x.com/elonmusk/status/1833326667072475252,Paging @PETA … 👋,Paging …,1,1,0,neutral,negative
9.99e+17,https://x.com/elonmusk/status/999465692859527168,"Maybe the media credibility rating site should be called “You’re Right!”  I do actually own https://t.co/1JqqCF9inA, but for the moment I just have it automatically forward to Facebook News.","Maybe the media credibility rating site should be called ""You're Right!"" I do actually own but for the moment I just have it automatically forward to Facebook News.",1,2,0,positive,negative
1.4e+18,https://x.com/elonmusk/status/1404330986951766021,@DELTA_V @spacex360 So much more is needed for life to become multiplanetary,So much more is needed for life to become multiplanetary,1,0,2,negative,positive
1.52e+18,https://x.com/elonmusk/status/1516946581030903809,@garyblack00 @MartinViecha $1T valuation with $0 advertising spend,$1T valuation with $0 advertising spend,2,1,2,neutral,positive
1.65e+18,https://x.com/elonmusk/status/1653567634657656832,@Damadeferroofic These guys? https://t.co/qLxjXDObGH,These guys?,1,1,2,neutral,positive
1.61e+18,https://x.com/elonmusk/status/1606290057890889729,@shethssahil1 @TheSonOfWalkley @Twitter Spaces should automatically ask the host if they’d like to save it,Spaces should automatically ask the host if they'd like to save it,1,1,0,neutral,negative
1.61e+18,https://x.com/elonmusk/status/1614119750627459074,"The higher the rates, the harder the fall","The higher the rates, the harder the fall",0,1,2,neutral,positive
1.38e+18,https://x.com/elonmusk/status/1375909123246686212,"@summerlinARK It’s not really possible to match the human brain in 2021 for any amount of money imo, but it will be possible probably in a few years","It's not really possible to match the human brain in 2021 for any amount of money imo, but it will be possible probably in a few years",1,1,0,neutral,negative
1.21e+18,https://x.com/elonmusk/status/1205676667705757696,@bluemoondance74 @ThugsAndMiracle @tfspeakcies @DearHistorians @DeepintoHistory @HellenisticPod @TrueConsPod @IWBpodcast @Coffincast @CacheHistory @AgeofVictoria @ForYourRefPod @WWIIPodcast @namelessdeadpod @ZombieFishbowl @AgeofNapoleon Raptor is making great progress! Just finished an engineering review with SpaceX Propulsion. Engine SN 17 is about to ship to McGregor with some holiday style 🎄😀 https://t.co/3JNIyxY9H0,Raptor is making great progress! Just finished an engineering review with SpaceX Propulsion. Engine SN 17 is about to ship to McGregor with some holiday style,2,2,1,positive,neutral
1.42e+18,https://x.com/elonmusk/status/1423682460748066818,"@WholeMarsBlog @NASASpaceflight @BBCAmos There is a reason no fully reusable orbital rocket has been built – it’s an insanely hard problem. 

Moreover, it must be rapidly &amp; completely reusable (like an airplane). This is the only way to make life multiplanetary.

Efficiencies of scale is why Starship is so large.","There is a reason no fully reusable orbital rocket has been built – it's an insanely hard problem. Moreover, it must be rapidly & completely reusable (like an airplane). This is the only way to make life multiplanetary. Efficiencies of scale is why Starship is so large.",1,2,0,positive,negative
1.21e+18,https://x.com/elonmusk/status/1211232157370404864,"@RationalEtienne @EvaFoxU @amargosavalley That might have something to do with it. “Stalin: Court of the Red Tsar” was one of the few books so dark I had to stop reading. If only they’d listened to Lenin’s last wish, much tragedy may have been averted.","That might have something to do with it. ""Stalin: Court of the Red Tsar"" was one of the few books so dark I had to stop reading. If only they'd listened to Lenin's last wish, much tragedy may have been averted.",1,0,1,negative,neutral
1.14e+18,https://x.com/elonmusk/status/1141198742919344130,"@cleantechnica @Tesla Sole meunière
https://t.co/EYi4gHmJ5X",Sole meunière,1,1,0,neutral,negative
1.53e+18,https://x.com/elonmusk/status/1529100718065569792,"Contrary to what many think, the richer someone is, the fewer kids they have.

I am a rare exception. Most people I know have zero or one kid.","Contrary to what many think, the richer someone is, the fewer kids they have. I am a rare exception. Most people I know have zero or one kid.",1,0,2,negative,positive
1.74e+18,https://x.com/elonmusk/status/1744414136086200632,@teslaownersSV That was wild,That was wild,2,1,2,neutral,positive
1.25e+18,https://x.com/elonmusk/status/1247049621374930951,@archillect Like tears in rain,Like tears in rain,1,1,0,neutral,negative
1.13e+18,https://x.com/elonmusk/status/1131676702491283456,"@EcoHeliGuy @Erdayastronaut @JaneidyEve @13ericralph31 @SPEXcast @bluemoondance74 @Orion_Sword @Some1gee @SpaceX Yes, will be used for rear cargo storage. Also helps manage center of mass for heavy payloads when forward cargo is full.","Yes, will be used for rear cargo storage. Also helps manage center of mass for heavy payloads when forward cargo is full.",1,2,1,positive,neutral
1.87e+18,https://x.com/elonmusk/status/1873971592096866511,@techiedani The brutal reality of the situation will hit like a tsunami towards the end of next year,The brutal reality of the situation will hit like a tsunami towards the end of next year,0,2,0,positive,negative
1.66e+18,https://x.com/elonmusk/status/1658564606984441859,Tesla shareholder meeting underway,Tesla shareholder meeting underway,1,1,2,neutral,positive
1.77e+18,https://x.com/elonmusk/status/1773934659287605651,@pmarca Expansion of consciousness in all its forms,Expansion of consciousness in all its forms,2,1,0,neutral,negative
1.69e+18,https://x.com/elonmusk/status/1689188669251338240,@RichardDawkins Many parallels,Many parallels,1,0,2,negative,positive
1.33e+18,https://x.com/elonmusk/status/1330204058817351684,@NASASpaceflight Largest cast titanium part in the world. No heat shielding needed.,Largest cast titanium part in the world. No heat shielding needed.,2,1,0,neutral,negative
1.8e+18,https://x.com/elonmusk/status/1798734748707397991,"@Cmdr_Hadfield @SpaceX Thanks Chris!

A fully and immediately reusable orbital heat shield, which (as you know) has never been made before, is the single toughest problem remaining.

Being able to iterate with many ideas on many ships is key to solving this.","Thanks Chris! A fully and immediately reusable orbital heat shield, which (as you know) has never been made before, is the single toughest problem remaining. Being able to iterate with many ideas on many ships is key to solving this.",2,2,0,positive,negative
1.57e+18,https://x.com/elonmusk/status/1565884647950626816,@heydave7 Moody’s is irrelevant,Moody's is irrelevant,0,1,0,neutral,negative
1.7e+18,https://x.com/elonmusk/status/1704448737639018822,@stclairashley This would be next-level absurd. I’m not building a house of any kind anywhere.,This would be next-level absurd. I'm not building a house of any kind anywhere.,0,1,0,neutral,negative
1.53e+18,https://x.com/elonmusk/status/1531696049064116225,@PinballReed @crikey_news @ummjackson @cameronwilson And Palmer always forgets to mention that he never wrote a single line of Dogecoin code …,And Palmer always forgets to mention that he never wrote a single line of Dogecoin code …,0,1,0,neutral,negative
1.65e+18,https://x.com/elonmusk/status/1653567031336214528,"@DanielleFong @growing_daniel As Andrej said, if you hit Earth with enough photons, eventually it emits a Tesla!","As Andrej said, if you hit Earth with enough photons, eventually it emits a Tesla!",2,0,2,negative,positive
1.68e+18,https://x.com/elonmusk/status/1679717154973945856,"@stevenmarkryan It’s not exactly per impression. What matters is how many ads were shown to other verified users.

Only verified users count, as it is otherwise trivial to game the system with bots.","It's not exactly per impression. What matters is how many ads were shown to other verified users. Only verified users count, as it is otherwise trivial to game the system with bots.",1,2,1,positive,neutral
1.48e+18,https://x.com/elonmusk/status/1482598301694238723,So informative https://t.co/rTktvhYukK,So informative,2,1,0,neutral,negative
1.59e+18,https://x.com/elonmusk/status/1591849723304071168,@People4Bernie @SenMarkey @washingtonpost Are you suggesting the Senator will abuse his political power to attack me?,Are you suggesting the Senator will abuse his political power to attack me?,0,1,0,neutral,negative
1.88e+18,https://x.com/elonmusk/status/1877608159549727209,"Ok, we’re thinking too small with Starship","Ok, we're thinking too small with Starship",1,1,2,neutral,positive
1.72e+18,https://x.com/elonmusk/status/1721620272845836458,"@zerohedge The other platforms engage in constant, usually subtle, censorship. 

Most of the time, you don’t even know it’s happening. 

This just happens to be something that caught people’s attention, so it is hard to hide.","The other platforms engage in constant, usually subtle, censorship. Most of the time, you don't even know it's happening. This just happens to be something that caught people's attention, so it is hard to hide.",0,0,1,negative,neutral
1.57e+18,https://x.com/elonmusk/status/1569759897176231937,@TaraBull808 Sounds pretty bad,Sounds pretty bad,0,0,2,negative,positive
1.01e+18,https://x.com/elonmusk/status/1005900081793359872,@Caio_1999_ @LanceUlanoff Not recommended for urban environments,Not recommended for urban environments,0,1,0,neutral,negative
1.89e+18,https://x.com/elonmusk/status/1886637579577020896,Don’t mess with @DOGE https://t.co/wgdJBxNzyG,Don't mess with,1,1,0,neutral,negative
4.96e+17,https://x.com/DarbsenWtf/status/496010572333580288,"Netflix doet kut, dus dan maar teringherrie pompen. Iemand nog suggesties?","Netflix doet kut, dus dan maar teringherrie pompen. Iemand nog suggesties?",1,0,2,negative,positive
9.84e+17,https://x.com/elonmusk/status/983775391851528192,@volgaksoy @visageofscott Place your bets …,Place your bets …,1,1,2,neutral,positive
1.75e+18,https://x.com/elonmusk/status/1751731032636985493,@WholeMarsBlog Minecraft irl,Minecraft irl,1,1,0,neutral,negative
1.6e+18,https://x.com/elonmusk/status/1595551706749624321,"@semaforben All public holders of Twitter were allowed to roll their stock into Twitter as a private company, but he did not do so. Your reporting made it falsely sound like he did, when in fact he owns 0%. 

For the last time, how much of you does SBF own? Stop dodging the question.","All public holders of Twitter were allowed to roll their stock into Twitter as a private company, but he did not do so. Your reporting made it falsely sound like he did, when in fact he owns 0%. For the last time, how much of you does SBF own? Stop dodging the question.",0,2,0,positive,negative
1.87e+18,https://x.com/elonmusk/status/1873936504520925233,@teslaownersSV It just literally is,It just literally is,1,1,0,neutral,negative
1.32e+18,https://x.com/elonmusk/status/1319059307804045316,"@WholeMarsBlog Not intentional! We just wanted to show that you could theoretically convert the entire US vehicle fleet to electric using only the lithium in Nevada, a single state. Tesla will do lithium mining only as needed. We also found a way to extract lithium using NaCl (table salt).","Not intentional! We just wanted to show that you could theoretically convert the entire US vehicle fleet to electric using only the lithium in Nevada, a single state. Tesla will do lithium mining only as needed. We also found a way to extract lithium using NaCl (table salt).",2,2,0,positive,negative
1.74e+18,https://x.com/elonmusk/status/1739728474384871587,Or do both!,Or do both!,2,1,0,neutral,negative
1.66e+18,https://x.com/elonmusk/status/1662764138043518977,@zerohedge For obvious &amp; sensible reasons,For obvious & sensible reasons,1,0,2,negative,positive
