id,url,fullText,clean_txt,label,bilstm-attention_pred,finetuned_roberta_pred,bilstm-attention_pred_label,finetuned_roberta_pred_label
1.9e+18,https://x.com/elonmusk/status/1898759859459203457,"@sikorskiradek Be quiet, small man. 

You pay a tiny fraction of the cost. 

And there is no substitute for Starlink.","Be quiet, small man. You pay a tiny fraction of the cost. And there is no substitute for Starlink.",0,0,1,negative,neutral
1.67e+18,https://x.com/elonmusk/status/1672682292584628224,@stclairashley The “pull out” method,"The ""pull out"" method",1,2,1,positive,neutral
1.21e+18,https://x.com/elonmusk/status/1208464373225672704,@engineers_feed I try so hard with these jokes!,I try so hard with these jokes!,1,0,2,negative,positive
1.79e+18,https://x.com/elonmusk/status/1787165820512051626,"Maiden launch of Falcon Heavy, the most powerful operational rocket on Earth, with the first dual rocket landing
 https://t.co/CrzQGeQWU8","Maiden launch of Falcon Heavy, the most powerful operational rocket on Earth, with the first dual rocket landing",2,2,1,positive,neutral
1.9e+18,https://x.com/elonmusk/status/1898946634383269898,"@CollinRugg This is so crazy! Let the man keep his treehouse. It looks cool. 

Also, vote Republican for smaller government, so this bs stops happening!","This is so crazy! Let the man keep his treehouse. It looks cool. Also, vote Republican for smaller government, so this bs stops happening!",2,0,1,negative,neutral
1.77e+18,https://x.com/elonmusk/status/1769216436273021439,"@WallStreetSilv Yeah, we dodged a lemon 🍋 for sure 😂

He is a beyond entitled and his show is unwatchable.","Yeah, we dodged a lemon for sure He is a beyond entitled and his show is unwatchable.",1,2,0,positive,negative
1.78e+18,https://x.com/elonmusk/status/1780376546148327690,"@WholeMarsBlog Not quite betting the company, but going balls to the wall for autonomy is a blindingly obvious move. 

Everything else is like variations on a horse carriage.","Not quite betting the company, but going balls to the wall for autonomy is a blindingly obvious move. Everything else is like variations on a horse carriage.",1,0,1,negative,neutral
1.23e+18,https://x.com/elonmusk/status/1230439298874343424,"High bay for stacking Starship engine bay, propellant tanks &amp; fairing (fka nosecone) sections is almost done! https://t.co/G9h0430ns2","High bay for stacking Starship engine bay, propellant tanks & fairing (fka nosecone) sections is almost done!",1,0,1,negative,neutral
1.45e+18,https://x.com/elonmusk/status/1454610032679600129,"@hsumacher @Tesla Indeed. The factory was empty at the time, stripped of all equipment that wasn’t worth even its scrap value. But we salvaged what was left &amp; fixed up the old machines so some could work again.","Indeed. The factory was empty at the time, stripped of all equipment that wasn't worth even its scrap value. But we salvaged what was left & fixed up the old machines so some could work again.",0,0,1,negative,neutral
1.71e+18,https://x.com/elonmusk/status/1710433370281259433,"@davidzweig “What would Orwell say?”
The T-shirt","""What would Orwell say?"" The T-shirt",2,2,1,positive,neutral
1.44e+18,https://x.com/elonmusk/status/1437203967902167045,@PPathole They are … not yet friends,They are … not yet friends,2,0,1,negative,neutral
1.13e+18,https://x.com/elonmusk/status/1132905669110054912,"@GoForStaging @13ericralph31 @varunversion1 @Erdayastronaut @SpaceX Yes, already planned. We avoid use of certain lower Ku frequencies specifically for radio astronomy.","Yes, already planned. We avoid use of certain lower Ku frequencies specifically for radio astronomy.",2,0,1,negative,neutral
1.35e+18,https://x.com/elonmusk/status/1354667352625979395,@avalonpenrose A hedge fund that shorts is a shrubbery,A hedge fund that shorts is a shrubbery,2,0,1,negative,neutral
1.69e+18,https://x.com/elonmusk/status/1686623633978904576,@MuskUniversity Critical thinking should be the first thing we teach kids,Critical thinking should be the first thing we teach kids,1,1,2,neutral,positive
1.6e+18,https://x.com/elonmusk/status/1603985491505795072,Twitter will start incorporating mute &amp; block signals from Blue Verified (not Legacy Blue) as downvotes,Twitter will start incorporating mute & block signals from Blue Verified (not Legacy Blue) as downvotes,2,2,1,positive,neutral
1.5e+18,https://x.com/elonmusk/status/1499442132402130951,"@FedorovMykhailo @SpaceX @SpaceXStarlink @Honda @ChampionGen @westinghouse @DuroMaxPower Updating software to reduce peak power consumption, so Starlink can be powered from car cigarette lighter.

Mobile roaming enabled, so phased array antenna can maintain signal while on moving vehicle.","Updating software to reduce peak power consumption, so Starlink can be powered from car cigarette lighter. Mobile roaming enabled, so phased array antenna can maintain signal while on moving vehicle.",2,0,1,negative,neutral
1.67e+18,https://x.com/elonmusk/status/1669142093875347456,@cb_doge Not bad,Not bad,2,0,2,negative,positive
1.68e+18,https://x.com/elonmusk/status/1680360251810349056,@BillyM2k We are working on it. High priority.,We are working on it. High priority.,2,1,2,neutral,positive
1.89e+18,https://x.com/elonmusk/status/1894167766900642139,"@MailOnline Maybe that was the sound of gratitude for saving his country, but probably not","Maybe that was the sound of gratitude for saving his country, but probably not",2,0,1,negative,neutral
1.84e+18,https://x.com/elonmusk/status/1840988697124041098,"@stclairashley Literally! Your average library has more identity verification than California requires for voting. 

I wonder why 🤔",Literally! Your average library has more identity verification than California requires for voting. I wonder why,0,0,1,negative,neutral
1.82e+18,https://x.com/elonmusk/status/1818999906549350663,True or let her deny it,True or let her deny it,2,2,1,positive,neutral
1.37e+18,https://x.com/elonmusk/status/1367213114228318209,Launch abort on slightly conservative high thrust limit. Increasing thrust limit &amp; recycling propellant for another flight attempt today.,Launch abort on slightly conservative high thrust limit. Increasing thrust limit & recycling propellant for another flight attempt today.,1,0,1,negative,neutral
1.8e+18,https://x.com/elonmusk/status/1799120923716354252,"Another Falcon 9 launch! 

Falcon alone is trending to set a world record for the most amount of mass Earth delivers to orbit in a year.",Another Falcon 9 launch! Falcon alone is trending to set a world record for the most amount of mass Earth delivers to orbit in a year.,2,0,1,negative,neutral
1.76e+18,https://x.com/elonmusk/status/1764891422556123525,"@Mihonarium Maybe we are just a CSV file on an alien computer. 

What the odds that this reality is base CSV?",Maybe we are just a CSV file on an alien computer. What the odds that this reality is base CSV?,1,0,1,negative,neutral
1.87e+18,https://x.com/elonmusk/status/1870201697601011922,"Obviously NOT “far-right”!

Just common sense policies.","Obviously NOT ""far-right""! Just common sense policies.",0,0,1,negative,neutral
1.85e+18,https://x.com/elonmusk/status/1853071386425651582,She wants to break the Constitution,She wants to break the Constitution,0,1,0,neutral,negative
1.25e+18,https://x.com/elonmusk/status/1253834922969763842,Mythic Quest is 🤣🤣 MTTD,Mythic Quest is MTTD,1,2,1,positive,neutral
1.84e+18,https://x.com/elonmusk/status/1842039975107285500,@pmarca @robkhenderson That cycle has happened so many times,That cycle has happened so many times,1,0,1,negative,neutral
1.87e+18,https://x.com/elonmusk/status/1873928098087117137,"𝕏 is the number 1 source of news on Earth. 

Nothing else is even close.",𝕏 is the number 1 source of news on Earth. Nothing else is even close.,2,0,1,negative,neutral
1.71e+18,https://x.com/elonmusk/status/1708663139070251296,@astro_greek They had to let that sink in. Impossible not to.,They had to let that sink in. Impossible not to.,1,0,1,negative,neutral
1.79e+18,https://x.com/elonmusk/status/1790628275901088149,"@WholeMarsBlog I don’t comment on everything, as sometimes I don’t see it and commenting on everything makes it easy to fish for information. 

The take rate is much higher than 2%. Please.","I don't comment on everything, as sometimes I don't see it and commenting on everything makes it easy to fish for information. The take rate is much higher than 2%. Please.",1,2,1,positive,neutral
1.75e+18,https://x.com/elonmusk/status/1753558150983082216,@PlanetOfMemes The contempt he showed for America is galling,The contempt he showed for America is galling,0,2,0,positive,negative
1.89e+18,https://x.com/elonmusk/status/1889726466880831682,@Suffragent_ @guardian Another fake judge,Another fake judge,0,0,1,negative,neutral
1.85e+18,https://x.com/elonmusk/status/1849714158113259968,"@elon_docs Some of the war records of my grandfather (Walter Henry James Musk) can be found on the Internet these days.

He met my English grandmother (Cora Amelia Robinson) when he was transferred to British Intelligence towards the end of the war. https://t.co/cMYiICyWa6",Some of the war records of my grandfather (Walter Henry James Musk) can be found on the Internet these days. He met my English grandmother (Cora Amelia Robinson) when he was transferred to British Intelligence towards the end of the war.,1,0,1,negative,neutral
1.78e+18,https://x.com/elonmusk/status/1784785885416067521,"@MuskBreaking Thanks George ❤️ 

We redirected everyone who wasn’t building cars to delivering cars – legal, finance, HR, designers, everyone. I personally delivered many cars. 

Tesla was out of cash, so it was a case of deliver or die. The team delivered.","Thanks George ️ We redirected everyone who wasn't building cars to delivering cars – legal, finance, HR, designers, everyone. I personally delivered many cars. Tesla was out of cash, so it was a case of deliver or die. The team delivered.",2,2,1,positive,neutral
1.82e+18,https://x.com/elonmusk/status/1824576240616898594,"@cb_doge Grok Mini is best for most queries. 

Full Grok is best used for complex questions.",Grok Mini is best for most queries. Full Grok is best used for complex questions.,1,2,1,positive,neutral
1.25e+18,https://x.com/elonmusk/status/1253373112202211329,"@teslaownersSV @TOGregTO Side camera view looks a little weird, as meant for self-driving, but will review with team. Image will need a little post-processing.","Side camera view looks a little weird, as meant for self-driving, but will review with team. Image will need a little post-processing.",1,1,0,neutral,negative
1.78e+18,https://x.com/elonmusk/status/1780370067987009711,"Legacy media simply can’t compete with hundreds of millions of humans providing real-time, AI-assisted, interactive information","Legacy media simply can't compete with hundreds of millions of humans providing real-time, AI-assisted, interactive information",0,2,1,positive,neutral
1.79e+18,https://x.com/elonmusk/status/1786436088875077772,@MarioNawfal White House book burning,White House book burning,0,0,1,negative,neutral
1.81e+18,https://x.com/elonmusk/status/1811783320839008381,"The European Commission offered 𝕏 an illegal secret deal: if we quietly censored speech without telling anyone, they would not fine us. 

The other platforms accepted that deal. 

𝕏 did not.","The European Commission offered 𝕏 an illegal secret deal: if we quietly censored speech without telling anyone, they would not fine us. The other platforms accepted that deal. 𝕏 did not.",0,0,1,negative,neutral
1.88e+18,https://x.com/elonmusk/status/1876891493014569426,"@JustinTrudeau Girl, you’re not the governor of Canada anymore, so doesn’t matter what you say","Girl, you're not the governor of Canada anymore, so doesn't matter what you say",0,0,1,negative,neutral
1.59e+18,https://x.com/elonmusk/status/1593535742285750272,"@WholeMarsBlog Record numbers of users are logging in to see if Twitter is dead, ironically making it more alive than ever!","Record numbers of users are logging in to see if Twitter is dead, ironically making it more alive than ever!",2,2,1,positive,neutral
1.63e+18,https://x.com/elonmusk/status/1625580694494928897,"@WallStreetSilv Low birth rates lead to ghost cities and, eventually, ghost civilizations","Low birth rates lead to ghost cities and, eventually, ghost civilizations",0,1,0,neutral,negative
1.53e+18,https://x.com/elonmusk/status/1529631588417421312,"@teslaownersSV @RyanGirdusky @GoodPoliticGuy If birth rates remain unchanged, South Korea will be ~6% of its current population in three generations, with a majority of people over age 60","If birth rates remain unchanged, South Korea will be ~6% of its current population in three generations, with a majority of people over age 60",0,0,1,negative,neutral
1.91e+18,https://x.com/elonmusk/status/1905292428010979412,She should be fired immediately,She should be fired immediately,0,1,0,neutral,negative
1.47e+18,https://x.com/elonmusk/status/1469006861588434959,@_rykllan @SpaceX @FelixSchlang @MarcusHouse @Erdayastronaut @bluemoondance74 @NextHorizonsSF Rocket fleets grows,Rocket fleets grows,2,2,1,positive,neutral
1.84e+18,https://x.com/elonmusk/status/1841345939061215430,"Also, common sense. 

People need to live somewhere, so unless they move to a town with a lot of extra houses (true in some places, but not all places in America), there will be upward pressure on house prices proportionate to the influx of people.","Also, common sense. People need to live somewhere, so unless they move to a town with a lot of extra houses (true in some places, but not all places in America), there will be upward pressure on house prices proportionate to the influx of people.",1,0,1,negative,neutral
8.76e+17,https://x.com/elonmusk/status/875509067011153924,"$300M cost diff between SpaceX and Boeing/Lockheed exceeds avg value of satellite, so flying with SpaceX means satellite is basically free https://t.co/CaOulCf7ot","$300M cost diff between SpaceX and Boeing/Lockheed exceeds avg value of satellite, so flying with SpaceX means satellite is basically free",2,0,1,negative,neutral
9.45e+17,https://x.com/elonmusk/status/944710976930070528,"46k limited edition boring hats sold, 4K to go. Then flamethrower.","46k limited edition boring hats sold, 4K to go. Then flamethrower.",2,0,1,negative,neutral
1.89e+18,https://x.com/elonmusk/status/1887710700912472443,"Anyone want to create a hard-hitting show on 𝕏 called 69 Minutes?

I will actually fund it!",Anyone want to create a hard-hitting show on 𝕏 called 69 Minutes? I will actually fund it!,2,0,1,negative,neutral
1.82e+18,https://x.com/elonmusk/status/1824897175391735997,"@dvorahfr I’d like to say that it’s always a strength, but there are important exceptions:

1. When empathy towards immigrants who have antithetical and intransigent beliefs leads to civilizational suicide.

2. When there is too much empathy for violent criminals, rather than their","I'd like to say that it's always a strength, but there are important exceptions: 1. When empathy towards immigrants who have antithetical and intransigent beliefs leads to civilizational suicide. 2. When there is too much empathy for violent criminals, rather than their",0,0,1,negative,neutral
1.66e+18,https://x.com/elonmusk/status/1661035071552344066,"@PeterDiamandis Write it on Twitter! 

Our algorithm automatically gives higher preference for posts which have the most cumulative user-seconds, so native content will be recommended much more than links outside of Twitter.","Write it on Twitter! Our algorithm automatically gives higher preference for posts which have the most cumulative user-seconds, so native content will be recommended much more than links outside of Twitter.",2,2,1,positive,neutral
1.63e+18,https://x.com/elonmusk/status/1630654820565614593,"@Erdayastronaut Raptor start is now reliable on the test stand under most conditions. 

Now we’re working on dynamically adapting the start sequence based on increasingly difficult propellant inlet pressures &amp; temps. 

Operating with low pressure, “warm” liquid oxygen is particularly important.","Raptor start is now reliable on the test stand under most conditions. Now we're working on dynamically adapting the start sequence based on increasingly difficult propellant inlet pressures & temps. Operating with low pressure, ""warm"" liquid oxygen is particularly important.",2,0,1,negative,neutral
1.73e+18,https://x.com/elonmusk/status/1731991224825819616,"Posts on 𝕏 go viral proportionate to how much time users spend looking at them. 

People obviously spend way more time watching videos on 𝕏 than if they go elsewhere to watch them, so it is best to post things natively here.","Posts on 𝕏 go viral proportionate to how much time users spend looking at them. People obviously spend way more time watching videos on 𝕏 than if they go elsewhere to watch them, so it is best to post things natively here.",2,2,1,positive,neutral
1.87e+18,https://x.com/elonmusk/status/1865595693005406598,@visegrad24 Someone should tell her that there is a cure now for toxoplasmosis,Someone should tell her that there is a cure now for toxoplasmosis,0,0,1,negative,neutral
1.86e+18,https://x.com/elonmusk/status/1859769034147024994,"@ByronYork 💯

Biden said he would open the border before he became President and then he did what he said he would do!",Biden said he would open the border before he became President and then he did what he said he would do!,1,0,1,negative,neutral
1.08e+18,https://x.com/elonmusk/status/1081576707365064704,"Starship test vehicle under assembly will look similar to this illustration when finished. Operational Starships would obv have windows, etc. https://t.co/D8AJ01mjyR","Starship test vehicle under assembly will look similar to this illustration when finished. Operational Starships would obv have windows, etc.",1,0,1,negative,neutral
1.76e+18,https://x.com/elonmusk/status/1764999198624092368,"@dogeofficialceo I’m ready to fight Zuck anywhere, anytime with any rules. LFG!!!","I'm ready to fight Zuck anywhere, anytime with any rules. LFG!!!",2,2,1,positive,neutral
1.6e+18,https://x.com/elonmusk/status/1598631136980131843,"@shortword @M3Marcel @WholeMarsBlog Current efficiency is 1.7kWh/mile, but there is a clear path to 1.6, possibly 1.5","Current efficiency is 1.7kWh/mile, but there is a clear path to 1.6, possibly 1.5",2,0,1,negative,neutral
1.33e+18,https://x.com/elonmusk/status/1329206361469710336,@shifthappends @Tesla A lot of my brain space is spent dealing with both units!,A lot of my brain space is spent dealing with both units!,1,0,1,negative,neutral
1.71e+18,https://x.com/elonmusk/status/1710076620995006556,@CollinRugg @MarioNawfal It’s gonna be amazing. The amount of dirt that will come to light from certain past and present people at these agencies will blow your mind.,It's gonna be amazing. The amount of dirt that will come to light from certain past and present people at these agencies will blow your mind.,2,0,2,negative,positive
1.88e+18,https://x.com/elonmusk/status/1877569861758390382,Competence saves lives,Competence saves lives,2,0,2,negative,positive
1.33e+18,https://x.com/elonmusk/status/1331391132367015937,@flcnhvy @thesheetztweetz Major upgrades are slated for SN15,Major upgrades are slated for SN15,2,0,1,negative,neutral
1.88e+18,https://x.com/elonmusk/status/1878281096279867606,"Swords were the guns of the Middle Ages. 

And don’t even get me started on crossbows!

 https://t.co/usInl3QQp2",Swords were the guns of the Middle Ages. And don't even get me started on crossbows!,1,0,1,negative,neutral
1.69e+18,https://x.com/elonmusk/status/1688761718904623104,Falcon flies again,Falcon flies again,2,0,1,negative,neutral
1.45e+18,https://x.com/elonmusk/status/1446535128545693699,@LifeofMikej @TeslaOwnersBC @DriveTeslaca @Tesla @Teslarati There are many small joys as you explore the car &amp; more to come via software updates,There are many small joys as you explore the car & more to come via software updates,2,1,2,neutral,positive
1.01e+18,https://x.com/elonmusk/status/1012604447552204805,"@JaneidyEve Everything is sentient, especially sentience","Everything is sentient, especially sentience",1,0,1,negative,neutral
1.39e+18,https://x.com/elonmusk/status/1385106006141587459,"@ValaAfshar Very important. Most people don’t know this. Wind is also super cheap, especially when paired with batteries.","Very important. Most people don't know this. Wind is also super cheap, especially when paired with batteries.",2,0,2,negative,positive
1.75e+18,https://x.com/elonmusk/status/1753193317687308342,This could have been your family. It was someone’s family.,This could have been your family. It was someone's family.,0,0,1,negative,neutral
1.01e+18,https://x.com/elonmusk/status/1008385171744174080,"@leechy3 @kausthav_ray @SpaceX SX 300 &amp; soon SX 500. Kind of a modern version of Inconel superalloys. High strength at temperature, extreme oxidation resistance. Needed for ~800 atmosphere, hot, oxygen-rich turbopump on Raptor rocket engine.","SX 300 & soon SX 500. Kind of a modern version of Inconel superalloys. High strength at temperature, extreme oxidation resistance. Needed for ~800 atmosphere, hot, oxygen-rich turbopump on Raptor rocket engine.",1,0,1,negative,neutral
1.82e+18,https://x.com/elonmusk/status/1823612328962596918,@Vitolii_ @nearcyan It is quite fun!,It is quite fun!,2,0,2,negative,positive
1.53e+18,https://x.com/elonmusk/status/1527736730178158597,@Shem_Infinite I only heard about it last month and was blown away,I only heard about it last month and was blown away,2,0,2,negative,positive
1e+18,https://x.com/elonmusk/status/1001857257254993921,"@IndianInterest Actually, Hyperloop draws a near vacuum in tube &amp; each pod is powered w electric motors. It is opposite of pneumatically powered.","Actually, Hyperloop draws a near vacuum in tube & each pod is powered w electric motors. It is opposite of pneumatically powered.",1,0,1,negative,neutral
1.64e+18,https://x.com/elonmusk/status/1640503312146464768,@GAINNowAmerica Not having a massive short position against Tesla would be a step in the right direction!,Not having a massive short position against Tesla would be a step in the right direction!,2,0,2,negative,positive
1.18e+18,https://x.com/elonmusk/status/1177066483375058944,"@Jennerator211 @Erdayastronaut Mk1 ship is around 200 tons dry &amp; 1400 tons wet, but aiming for 120 by Mk4 or Mk5. Total stack mass with max payload is 5000 tons.","Mk1 ship is around 200 tons dry & 1400 tons wet, but aiming for 120 by Mk4 or Mk5. Total stack mass with max payload is 5000 tons.",1,0,1,negative,neutral
1.63e+18,https://x.com/elonmusk/status/1632795933741129728,@jordanbpeterson Idiocracy is happening so fast,Idiocracy is happening so fast,0,0,1,negative,neutral
1.17e+18,https://x.com/elonmusk/status/1166126085903282177,"@SciGuySpace Raptor uses dual redundant torch igniters. Better long-term, but more finicky in development.","Raptor uses dual redundant torch igniters. Better long-term, but more finicky in development.",1,2,1,positive,neutral
1.13e+18,https://x.com/elonmusk/status/1129940276745609219,Also porting Unreal Engine,Also porting Unreal Engine,1,0,1,negative,neutral
9.99e+17,https://x.com/elonmusk/status/999010167793504256,"@ericbrownzzz @dmatkins137 @ShayneRarma @NASA But ya know what, let’s test that theory. Maybe we do want UAW back, even tho UAW betrayed us 8 years ago &amp; left us here to rot. Maybe we want UAW back even tho injury rate today is 1/2 what it was with them &amp; wages were lower. Maybe. Let’s hold a vote &amp; find out.","But ya know what, let's test that theory. Maybe we do want UAW back, even tho UAW betrayed us 8 years ago & left us here to rot. Maybe we want UAW back even tho injury rate today is 1/2 what it was with them & wages were lower. Maybe. Let's hold a vote & find out.",0,1,0,neutral,negative
1.76e+18,https://x.com/elonmusk/status/1762146007385805300,"@zerohedge My guess is zero people get fired and they just fix the obvious stuff, while leaving the overall manipulation in place","My guess is zero people get fired and they just fix the obvious stuff, while leaving the overall manipulation in place",0,0,1,negative,neutral
1.34e+18,https://x.com/elonmusk/status/1337559580801425409,"@ErcXspace @SpaceX Ship leeward side will be bare metal, windward will have black, hexagonal heat shield tiles","Ship leeward side will be bare metal, windward will have black, hexagonal heat shield tiles",1,0,1,negative,neutral
1.67e+18,https://x.com/elonmusk/status/1667552341271117826,@UpdatingOnRome No Corvus needed https://t.co/J6ObNgnKCN,No Corvus needed,1,0,1,negative,neutral
1.77e+18,https://x.com/elonmusk/status/1773856964746805687,"@KettlebellDan People trash me all day. It’s fine. 

Mark Cuban is a 😢 baby.",People trash me all day. It's fine. Mark Cuban is a baby.,0,0,1,negative,neutral
1.55e+18,https://x.com/elonmusk/status/1547761081841397762,"@Erdayastronaut @SpaceX @Caspar_Stanley @IzanRamos2002 Enabling engines to take the heat without shrouds might save over 10 tons, all things considered.

Shrouds are also a risk in that fuel leaks could be contained by the shroud, forming a MOX bomb.

Booster is purging all 33 engine shrouds in flight to prevent this.","Enabling engines to take the heat without shrouds might save over 10 tons, all things considered. Shrouds are also a risk in that fuel leaks could be contained by the shroud, forming a MOX bomb. Booster is purging all 33 engine shrouds in flight to prevent this.",1,0,1,negative,neutral
9e+17,https://x.com/elonmusk/status/900376843210981376,"@KonstDubbed Yeah. It's kinda disgusting, but my boys and I love it :)","Yeah. It's kinda disgusting, but my boys and I love it :)",2,2,1,positive,neutral
1.88e+18,https://x.com/elonmusk/status/1879534990297575474,@stillgray They’re running out of room to imprison people for social media posting,They're running out of room to imprison people for social media posting,0,1,0,neutral,negative
1.6e+18,https://x.com/elonmusk/status/1598064202400534528,@jhall Cancel culture needs to be canceled!!,Cancel culture needs to be canceled!!,0,0,1,negative,neutral
1.58e+18,https://x.com/elonmusk/status/1577732106784051214,"@KonstantinKisin I do not think it is simple at all, but I have yet to hear any realistic path to peace.

Ukraine has achieved many brilliant tactical victories, but should be wary of overconfidence leading to strategic defeat.

When Russia fully mobilizes, millions on both sides will die.","I do not think it is simple at all, but I have yet to hear any realistic path to peace. Ukraine has achieved many brilliant tactical victories, but should be wary of overconfidence leading to strategic defeat. When Russia fully mobilizes, millions on both sides will die.",0,0,1,negative,neutral
1.51e+18,https://x.com/elonmusk/status/1512944276983975936,Weather is fake. I seen Truman Show!,Weather is fake. I seen Truman Show!,1,0,1,negative,neutral
1.68e+18,https://x.com/elonmusk/status/1681095483173883905,"@levie This will increase the spam level of ads. Fortunately, we already suck at ad targeting on this platform.","This will increase the spam level of ads. Fortunately, we already suck at ad targeting on this platform.",0,0,1,negative,neutral
1.82e+18,https://x.com/elonmusk/status/1816938500085686605,"@farzyness True, although the former is outdoing the latter","True, although the former is outdoing the latter",1,2,1,positive,neutral
1.11e+18,https://x.com/elonmusk/status/1109895691587862528,"To be precise, midnight on April 1, so effective April 2","To be precise, midnight on April 1, so effective April 2",1,2,1,positive,neutral
1.84e+18,https://x.com/elonmusk/status/1838338126567088242,Very misleading …,Very misleading …,0,2,0,positive,negative
1.87e+18,https://x.com/elonmusk/status/1870910663700390365,"I’d like to propose that Congress pass a “Save the Bureaucracy” bill, based on the premise that any given bill will do the opposite of its name 🤣🤣","I'd like to propose that Congress pass a ""Save the Bureaucracy"" bill, based on the premise that any given bill will do the opposite of its name",0,0,1,negative,neutral
1.28e+18,https://x.com/elonmusk/status/1282492573383184386,@MightyTesla @SamTalksTesla @ElonsWorld @Nikola_Truth @WholeMarsBlog @RenataKonkoly @stevenmarkryan @vincent13031925 @HyperChangeTV @TeslaPodcast Hell of a ride!,Hell of a ride!,2,0,2,negative,positive
1.76e+18,https://x.com/elonmusk/status/1760323775768453481,"@RichardHanania Yeah, the legacy media is obsessed","Yeah, the legacy media is obsessed",0,2,1,positive,neutral
1.86e+18,https://x.com/elonmusk/status/1862337000411447422,"@pcgamer Who owns you?

PC Gamer used to be great, but turned into unreadable crap for several years.","Who owns you? PC Gamer used to be great, but turned into unreadable crap for several years.",0,0,1,negative,neutral
1.28e+18,https://x.com/elonmusk/status/1276957305842528256,@BLKMDL3 Major Supercharger increases are underway for the greater LA area,Major Supercharger increases are underway for the greater LA area,2,0,1,negative,neutral
1.01e+18,https://x.com/elonmusk/status/1008124944289370113,"@michaelshermer Direct democracy by the people. Laws must be short, as there is trickery in length. Automatic expiration of rules to prevent death by bureaucracy. Any rule can be removed by 40% of people to overcome inertia. Freedom.","Direct democracy by the people. Laws must be short, as there is trickery in length. Automatic expiration of rules to prevent death by bureaucracy. Any rule can be removed by 40% of people to overcome inertia. Freedom.",1,0,1,negative,neutral
1.83e+18,https://x.com/elonmusk/status/1833879567838453782,"If you want to know more about the content of a post, just highlight and ask Grok!","If you want to know more about the content of a post, just highlight and ask Grok!",2,2,1,positive,neutral
1.72e+18,https://x.com/elonmusk/status/1717989656485105994,Maybe time’s just a construct of human perception. An illusion created by … https://t.co/iiDxRoPJwv,Maybe time's just a construct of human perception. An illusion created by …,1,2,1,positive,neutral
1.29e+18,https://x.com/elonmusk/status/1285830270709403648,"You don’t have a soul, you are a soul","You don't have a soul, you are a soul",1,2,1,positive,neutral
1.9e+18,https://x.com/elonmusk/status/1900858831237767246,"SpaceX will launch over 90% of all of Earth’s payload mass to orbit this year. 

China will be ~5% and rest of world, including rest of America, around 5%.

When Starship is launching at high rate, SpaceX will probably carry &gt;99% of Earth’s payload mass to orbit. This is","SpaceX will launch over 90% of all of Earth's payload mass to orbit this year. China will be ~5% and rest of world, including rest of America, around 5%. When Starship is launching at high rate, SpaceX will probably carry >99% of Earth's payload mass to orbit. This is",2,0,1,negative,neutral
1.86e+18,https://x.com/elonmusk/status/1864849107585560726,@alx He’s a tough negotiator 😂,He's a tough negotiator,1,0,2,negative,positive
1.84e+18,https://x.com/elonmusk/status/1841191704516243640,@TheRabbitHole84 Republicans used to be the “mean &amp; judgy” party and now it is the Democrats,"Republicans used to be the ""mean & judgy"" party and now it is the Democrats",0,0,1,negative,neutral
1.9e+18,https://x.com/elonmusk/status/1904370059532980540,@moment_mirthful @DOGE @SocialSecurity I’d like to meet them!,I'd like to meet them!,2,1,2,neutral,positive
1.23e+18,https://x.com/elonmusk/status/1226920273753997316,@G_d_Photographr Sounds like we should open a Tesla Center there!,Sounds like we should open a Tesla Center there!,2,2,1,positive,neutral
1.76e+18,https://x.com/elonmusk/status/1755264018145804689,"If I had a dollar for every time the media reported that one of my companies was going to die, I would never need to raise money!","If I had a dollar for every time the media reported that one of my companies was going to die, I would never need to raise money!",0,0,1,negative,neutral
1.89e+18,https://x.com/elonmusk/status/1886697613644218435,"@unusual_whales Should be called the “Shady Business Administration”. 

Only 8% of loans are paid back!","Should be called the ""Shady Business Administration"". Only 8% of loans are paid back!",0,1,0,neutral,negative
1.8e+18,https://x.com/elonmusk/status/1798703949714985032,We do actually have acquisition signal. 11 internal cameras are transmitting. Figuring out why external cameras aren’t.,We do actually have acquisition signal. 11 internal cameras are transmitting. Figuring out why external cameras aren't.,1,0,1,negative,neutral
1.85e+18,https://x.com/elonmusk/status/1852362688325656884,Women are exceeding men in academia,Women are exceeding men in academia,2,0,2,negative,positive
3.21e+17,https://x.com/elonmusk/status/321409229565075456,@ryanjoyce88 We went through literally hundreds of variants of red trying to find something original that didn't suck.,We went through literally hundreds of variants of red trying to find something original that didn't suck.,1,0,1,negative,neutral
1.73e+18,https://x.com/elonmusk/status/1728213431201792492,@DanielleFong Context switching is the mindkiller,Context switching is the mindkiller,0,1,0,neutral,negative
1.89e+18,https://x.com/elonmusk/status/1888036647972774014,Exactly. Total madness!,Exactly. Total madness!,0,2,0,positive,negative
1.82e+18,https://x.com/elonmusk/status/1819548856910012724,@hoovlet Detailed explanation,Detailed explanation,1,2,1,positive,neutral
1.64e+18,https://x.com/elonmusk/status/1641712856897839110,@nichegamer Really that good?,Really that good?,1,0,1,negative,neutral
1.89e+18,https://x.com/elonmusk/status/1894417769707573618,"I will do whatever I can.

There are limitations place upon me.",I will do whatever I can. There are limitations place upon me.,1,0,1,negative,neutral
1.84e+18,https://x.com/elonmusk/status/1844435192884416611,Google is controlled by far left activists,Google is controlled by far left activists,0,0,1,negative,neutral
1.62e+18,https://x.com/elonmusk/status/1618306035340709888,"@BretWeinstein Several aspects of For You recommendations were fixed last night. Team and were in the office past midnight.

You should see improvements, but we are continuing to monitor.","Several aspects of For You recommendations were fixed last night. Team and were in the office past midnight. You should see improvements, but we are continuing to monitor.",2,1,2,neutral,positive
1.9e+18,https://x.com/elonmusk/status/1895257766815768940,@EricLDaugh Something fishy is going on,Something fishy is going on,0,1,2,neutral,positive
1.4e+18,https://x.com/elonmusk/status/1404330986951766021,@DELTA_V @spacex360 So much more is needed for life to become multiplanetary,So much more is needed for life to become multiplanetary,1,2,1,positive,neutral
3.22e+17,https://x.com/elonmusk/status/321637861147426816,In TX to make the case for allowing Tesla to sell cars. Pls come to Capitol Room E2.014 at 1:30! http://t.co/WR3WXE8SFe,In TX to make the case for allowing Tesla to sell cars. Pls come to Capitol Room E2.014 at 1:30!,1,0,1,negative,neutral
1.62e+18,https://x.com/elonmusk/status/1616570445226180623,@ezralevant Power to the people!,Power to the people!,2,1,2,neutral,positive
1.81e+18,https://x.com/elonmusk/status/1809377894571077842,"When is there not one – just one – even *attempted* prosecution of that Epstein (Bill Gates &amp; Reid Hoffman come to mind)
client list. 

Either FBI does their duty or the case for an entire departmental reset or abolishment is strong.",When is there not one – just one – even *attempted* prosecution of that Epstein (Bill Gates & Reid Hoffman come to mind) client list. Either FBI does their duty or the case for an entire departmental reset or abolishment is strong.,0,0,1,negative,neutral
1.85e+18,https://x.com/elonmusk/status/1853951035326562527,"Hear all sides of an issue on this platform, corrected further by the fully open source @CommunityNotes!","Hear all sides of an issue on this platform, corrected further by the fully open source !",2,1,2,neutral,positive
1.4e+18,https://x.com/elonmusk/status/1395072357765627904,@SenBillNelson I would like to second that congratulations. Outstanding accomplishment by China!,I would like to second that congratulations. Outstanding accomplishment by China!,2,0,2,negative,positive
1.57e+18,https://x.com/elonmusk/status/1571154307759603718,to help mend the fault in our stars,to help mend the fault in our stars,1,0,1,negative,neutral
1.79e+18,https://x.com/elonmusk/status/1787516961074930002,"@EndWokeness @camhigby Wow, she is proudly racist!!","Wow, she is proudly racist!!",0,2,1,positive,neutral
1.38e+18,https://x.com/elonmusk/status/1375909123246686212,"@summerlinARK It’s not really possible to match the human brain in 2021 for any amount of money imo, but it will be possible probably in a few years","It's not really possible to match the human brain in 2021 for any amount of money imo, but it will be possible probably in a few years",1,0,1,negative,neutral
1.16e+18,https://x.com/elonmusk/status/1157954787926773760,@banQuo__ Mad skillz,Mad skillz,2,0,2,negative,positive
1.53e+18,https://x.com/elonmusk/status/1529100718065569792,"Contrary to what many think, the richer someone is, the fewer kids they have.

I am a rare exception. Most people I know have zero or one kid.","Contrary to what many think, the richer someone is, the fewer kids they have. I am a rare exception. Most people I know have zero or one kid.",1,0,1,negative,neutral
1.25e+18,https://x.com/elonmusk/status/1247049621374930951,@archillect Like tears in rain,Like tears in rain,1,0,1,negative,neutral
1.22e+18,https://x.com/elonmusk/status/1217995711196778497,@jameslin123321 @Erdayastronaut Helping to pay for this is why I’m accumulating assets on Earth.,Helping to pay for this is why I'm accumulating assets on Earth.,1,0,1,negative,neutral
1.13e+18,https://x.com/elonmusk/status/1131676702491283456,"@EcoHeliGuy @Erdayastronaut @JaneidyEve @13ericralph31 @SPEXcast @bluemoondance74 @Orion_Sword @Some1gee @SpaceX Yes, will be used for rear cargo storage. Also helps manage center of mass for heavy payloads when forward cargo is full.","Yes, will be used for rear cargo storage. Also helps manage center of mass for heavy payloads when forward cargo is full.",1,2,1,positive,neutral
1.89e+18,https://x.com/elonmusk/status/1892842450370142405,Restoring solvency to America is essential to protect Social Security &amp; medical care,Restoring solvency to America is essential to protect Social Security & medical care,1,0,2,negative,positive
1.79e+18,https://x.com/elonmusk/status/1785235408948756923,@DavidSacks The Forever War,The Forever War,0,0,1,negative,neutral
1.7e+18,https://x.com/elonmusk/status/1702119552316813427,@billmaher Maybe worth posting some material on this platform. The reach is enormous.,Maybe worth posting some material on this platform. The reach is enormous.,2,2,1,positive,neutral
1.87e+18,https://x.com/elonmusk/status/1874582546283172251,@robbystarbuck @X @premium Seems to be a bug. Please post screenshots. X just has a small crew working on Jan 1.,Seems to be a bug. Please post screenshots. X just has a small crew working on Jan 1.,1,1,0,neutral,negative
1.33e+18,https://x.com/elonmusk/status/1330204058817351684,@NASASpaceflight Largest cast titanium part in the world. No heat shielding needed.,Largest cast titanium part in the world. No heat shielding needed.,2,0,1,negative,neutral
1.8e+18,https://x.com/elonmusk/status/1798734748707397991,"@Cmdr_Hadfield @SpaceX Thanks Chris!

A fully and immediately reusable orbital heat shield, which (as you know) has never been made before, is the single toughest problem remaining.

Being able to iterate with many ideas on many ships is key to solving this.","Thanks Chris! A fully and immediately reusable orbital heat shield, which (as you know) has never been made before, is the single toughest problem remaining. Being able to iterate with many ideas on many ships is key to solving this.",2,2,1,positive,neutral
1.57e+18,https://x.com/elonmusk/status/1565884647950626816,@heydave7 Moody’s is irrelevant,Moody's is irrelevant,0,0,1,negative,neutral
8.15e+17,https://x.com/elonmusk/status/815023208235560961,"Resolving an Autopilot HW2 bug that shows up when booting from a subzero cold-soak. If that fix works, software will start uploading tmrw.","Resolving an Autopilot HW2 bug that shows up when booting from a subzero cold-soak. If that fix works, software will start uploading tmrw.",2,0,1,negative,neutral
1.67e+18,https://x.com/elonmusk/status/1671362974072688644,"@Kristennetten To the computer, everything is in slow motion","To the computer, everything is in slow motion",1,0,1,negative,neutral
1.53e+18,https://x.com/elonmusk/status/1531696049064116225,@PinballReed @crikey_news @ummjackson @cameronwilson And Palmer always forgets to mention that he never wrote a single line of Dogecoin code …,And Palmer always forgets to mention that he never wrote a single line of Dogecoin code …,0,0,1,negative,neutral
1.48e+18,https://x.com/elonmusk/status/1482598301694238723,So informative https://t.co/rTktvhYukK,So informative,2,0,2,negative,positive
1.59e+18,https://x.com/elonmusk/status/1591849723304071168,@People4Bernie @SenMarkey @washingtonpost Are you suggesting the Senator will abuse his political power to attack me?,Are you suggesting the Senator will abuse his political power to attack me?,0,1,0,neutral,negative
1.72e+18,https://x.com/elonmusk/status/1721620272845836458,"@zerohedge The other platforms engage in constant, usually subtle, censorship. 

Most of the time, you don’t even know it’s happening. 

This just happens to be something that caught people’s attention, so it is hard to hide.","The other platforms engage in constant, usually subtle, censorship. Most of the time, you don't even know it's happening. This just happens to be something that caught people's attention, so it is hard to hide.",0,0,1,negative,neutral
1.54e+17,https://x.com/elonmusk/status/153519464653127680,"@FareedZakaria However, China's real estate crisis will explode in a way that makes ours look puny. They can't hide it for much longer.","However, China's real estate crisis will explode in a way that makes ours look puny. They can't hide it for much longer.",0,2,0,positive,negative
5.54e+17,https://x.com/elonmusk/status/554023312033341440,"@alankerlin Hydraulics are usually closed, but that adds mass vs short acting open systems. F9 fins only work for 4 mins. We were ~10% off.","Hydraulics are usually closed, but that adds mass vs short acting open systems. F9 fins only work for 4 mins. We were ~10% off.",1,0,1,negative,neutral
1.42e+18,https://x.com/elonmusk/status/1415346183707545605,"@preachy_spice It was Richard’s rental house, which overall is great, but I agree regarding the cabinets haha. This was 3am, day of flight. Wasn’t expecting this brutal pic of me to be posted, but oh well.","It was Richard's rental house, which overall is great, but I agree regarding the cabinets haha. This was 3am, day of flight. Wasn't expecting this brutal pic of me to be posted, but oh well.",1,0,1,negative,neutral
1.01e+18,https://x.com/elonmusk/status/1005900081793359872,@Caio_1999_ @LanceUlanoff Not recommended for urban environments,Not recommended for urban environments,0,0,1,negative,neutral
1.77e+18,https://x.com/elonmusk/status/1770073471608852762,@RepThomasMassie Or a strong-willed President,Or a strong-willed President,1,1,2,neutral,positive
4.96e+17,https://x.com/DarbsenWtf/status/496010572333580288,"Netflix doet kut, dus dan maar teringherrie pompen. Iemand nog suggesties?","Netflix doet kut, dus dan maar teringherrie pompen. Iemand nog suggesties?",1,2,1,positive,neutral
1.76e+18,https://x.com/elonmusk/status/1764055153995309256,"@RandPaul We at least need to know where exactly the money is going and what the exit strategy is.

Either way, government spending is out of control.","We at least need to know where exactly the money is going and what the exit strategy is. Either way, government spending is out of control.",0,1,0,neutral,negative
1.87e+18,https://x.com/elonmusk/status/1873936504520925233,@teslaownersSV It just literally is,It just literally is,1,0,1,negative,neutral
1.1e+18,https://x.com/elonmusk/status/1095929103062974464,"@thehumanwire @InsideEVs @28delayslater Probably a month or two. Sentry mode became top priority, so pushed that out a bit.","Probably a month or two. Sentry mode became top priority, so pushed that out a bit.",1,0,1,negative,neutral
1.66e+18,https://x.com/elonmusk/status/1662764138043518977,@zerohedge For obvious &amp; sensible reasons,For obvious & sensible reasons,1,0,2,negative,positive
8.73e+17,https://x.com/elonmusk/status/873306583983247360,"@RITSPEX @ID_AA_Carmack @mmeijeri Slow at first, then very fast. Def not hover.","Slow at first, then very fast. Def not hover.",1,0,1,negative,neutral
2.02e+17,https://x.com/elonmusk/status/201856175644491777,Must remember not to refer to Chimpanzees as deadly killing machines when taking little kids to see a movie about them,Must remember not to refer to Chimpanzees as deadly killing machines when taking little kids to see a movie about them,1,0,1,negative,neutral
1.2e+18,https://x.com/elonmusk/status/1197987290317914112,@reecethesaxman We threw same steel ball at same window several times right before event &amp; didn’t even scratch the glass!,We threw same steel ball at same window several times right before event & didn't even scratch the glass!,2,0,1,negative,neutral
1.9e+18,https://x.com/elonmusk/status/1896625472957796612,Imagine if that were to happen … oh it already has,Imagine if that were to happen … oh it already has,0,0,1,negative,neutral
